학교ID,학교명,hakgudo_nm,school_count,최종_폐교위험등급,해당등급_시작연도,최초_폐교위험연도,최초_고위험연도,최초_안전연도,최소_신입생수,최소_신입생수_연도
B000002074,서울중현초등학교,서울중현초통학구역,1,안전,2026,,,2026.0,44.8,2032
B000002266,서울방현초등학교,서울방현초통학구역,1,고위험,2031,,2031.0,2026.0,34.4,2032
B000001946,서울염리초등학교,서울염리초통학구역,1,안전,2026,,,2026.0,143.8,2031
B000002175,서울고일초등학교,서울고일초통학구역,1,안전,2026,,,2026.0,118.1,2033
B000002012,서울우신초등학교,서울우신초통학구역,1,안전,2026,,,2026.0,44.9,2028
B000002271,서울양재초등학교,서울양재초통학구역,1,고위험,2026,,2026.0,,30.7,2030
B000002172,서울위례초등학교,서울위례초통학구역,1,폐교위험,2026,2026.0,,,1.1,2031
B000027451,서울양원숲초등학교,서울양원숲초통학구역,1,안전,2026,,,2026.0,118.5,2028
B000026183,서울항동초등학교,서울항동초통학구역,1,안전,2026,,,2026.0,80.2,2033
B000025614,서울하늘숲초등학교,서울하늘숲초통학구역,1,고위험,2027,,2027.0,2026.0,27.2,2031
B000001904,서울응암초등학교,서울응암초통학구역,1,안전,2026,,,2026.0,160.4,2031
B000002301,서울일원초등학교,서울일원초통학구역,1,안전,2026,,,2026.0,137.3,2030
B000002170,서울천동초등학교,서울천동초통학구역,1,안전,2026,,,2026.0,132.1,2027
B000002389,서울돈암초등학교,서울돈암초통학구역,1,안전,2026,,,2026.0,121.7,2031
B000001983,서울정심초등학교,서울정심초통학구역,1,폐교위험,2031,2031.0,2026.0,,16.3,2031
B000002237,서울등촌초등학교,서울등촌초통학구역,1,안전,2026,,,2026.0,108.1,2028
B000002030,서울월천초등학교,서울월천초통학구역,1,안전,2026,,,2026.0,43.8,2030
B000022754,서울세명초등학교,서울세명초통학구역,1,안전,2026,,,2026.0,61.9,2030
B000001843,서울이문초등학교,서울이문초통학구역,1,안전,2026,,,2026.0,89.8,2031
B000002181,서울천일초등학교,서울천일초통학구역,1,안전,2026,,,2026.0,60.0,2027
B000002163,서울묘곡초등학교,서울묘곡초통학구역,1,안전,2026,,,2026.0,59.2,2032
B000002060,서울상천초등학교,서울상천초통학구역,1,안전,2026,,,2026.0,41.9,2029
B000002201,서울정목초등학교,서울정목초통학구역,1,안전,2026,,,2026.0,69.4,2032
B000002183,서울강동초등학교,서울강동초통학구역,1,안전,2026,,,2026.0,91.4,2031
B000002352,서울금호초등학교,서울금호초통학구역,1,안전,2026,,,2026.0,173.4,2031
B000002033,서울창동초등학교,서울창동초통학구역,1,안전,2026,,,2026.0,58.0,2031
B000002165,서울고덕초등학교,서울고덕초통학구역,1,안전,2026,,,2026.0,139.3,2031
B000002086,서울교동초등학교,서울교동초통학구역,1,고위험,2026,,2026.0,,18.8,2027
B000002173,서울명원초등학교,서울명원초통학구역,1,안전,2026,,,2026.0,83.9,2031
B000002378,서울성자초등학교,서울성자초통학구역,1,안전,2026,,,2026.0,68.5,2028
B000002032,서울가인초등학교,서울가인초통학구역,1,안전,2026,,,2026.0,73.2,2031
B000002051,서울공연초등학교,서울공연초통학구역,1,안전,2026,,,2026.0,77.1,2031
B000001882,서울신도초등학교,서울신도초통학구역,1,안전,2026,,,2026.0,42.4,2033
B000024205,서울강솔초등학교,서울강솔초통학구역,1,안전,2026,,,2026.0,63.6,2033
B000001896,서울연광초등학교,서울연광초통학구역,1,폐교위험,2027,2027.0,2026.0,,12.1,2030
B000024775,서울금나래초등학교,서울금나래초통학구역,1,안전,2026,,,2026.0,134.0,2027
B000002220,서울등마초등학교,서울등마초통학구역,1,안전,2026,,,2026.0,120.1,2028
B000024102,서울어울초등학교,서울어울초통학구역,1,안전,2026,,,2026.0,71.4,2032
B000002180,서울명일초등학교,서울명일초통학구역,1,안전,2026,,,2026.0,97.4,2031
B000002083,서울청운초등학교,서울청운초통학구역,1,고위험,2026,,2026.0,,22.6,2031
B000001943,서울아현초등학교,서울아현초통학구역,1,안전,2026,,,2026.0,169.6,2031
B000002195,서울신기초등학교,서울신기초통학구역,1,안전,2026,,,2026.0,45.1,2031
B000001925,서울고은초등학교,서울고은초통학구역,1,안전,2026,,,2026.0,74.2,2029
B000024506,서울우솔초등학교,서울우솔초통학구역,1,안전,2026,,,2026.0,54.2,2030
B000002307,서울노량진초등학교,서울노량진초통학구역,1,안전,2026,,,2026.0,57.2,2031
B000002116,서울한강초등학교,서울한강초통학구역,1,안전,2026,,,2026.0,77.1,2026
B000002403,서울석관초등학교,서울석관초통학구역,1,안전,2026,,,2026.0,90.0,2031
B000002197,서울양목초등학교,서울양목초통학구역,1,고위험,2028,,2028.0,2026.0,30.9,2031
B000002001,서울영등포초등학교,서울영등포초통학구역,1,안전,2026,,,2026.0,100.9,2028
B000002182,서울천호초등학교,서울천호초통학구역,1,안전,2026,,,2026.0,131.6,2031
B000002002,서울영문초등학교,서울영문초통학구역,1,안전,2026,,,2026.0,174.7,2030
B000001960,서울매봉초등학교,서울매봉초통학구역,1,안전,2026,,,2026.0,43.8,2027
B000002084,서울매동초등학교,서울매동초통학구역,1,고위험,2026,,2026.0,,19.4,2033
B000002288,서울개원초등학교,서울개원초통학구역,1,안전,2026,,,2026.0,138.3,2032
B000001978,서울영남초등학교,서울영남초통학구역,1,고위험,2028,,2028.0,2026.0,30.6,2031
B000001886,서울갈현초등학교,서울갈현초통학구역,1,안전,2026,,,2026.0,57.8,2031
B000002385,서울구의초등학교,서울구의초통학구역,1,안전,2026,,,2026.0,98.8,2029
B000002249,서울등원초등학교,서울등원초통학구역,1,안전,2026,,,2026.0,51.2,2031
B000002347,서울행당초등학교,서울행당초통학구역,1,안전,2026,,,2026.0,159.6,2031
B000002064,서울수락초등학교,서울수락초통학구역,1,안전,2026,,,2026.0,47.8,2031
B000002339,서울당곡초등학교,서울당곡초통학구역,1,안전,2026,,,2026.0,82.4,2029
B000002325,서울원신초등학교,서울원신초통학구역,1,폐교위험,2026,2026.0,,,5.6,2030
B000001953,서울영일초등학교,서울영일초통학구역,1,폐교위험,2026,2026.0,2033.0,,11.6,2026
B000002369,서울광장초등학교,서울광장초통학구역,1,폐교위험,2031,2031.0,2026.0,,11.5,2033
B000002160,서울둔촌초등학교,서울둔촌초통학구역,1,안전,2026,,,2026.0,62.9,2031
B000001869,서울중랑초등학교,서울중랑초통학구역,1,안전,2026,,,2026.0,66.7,2029
B000002179,서울성내초등학교,서울성내초통학구역,1,안전,2026,,,2026.0,141.0,2028
B000001921,서울창서초등학교,서울창서초통학구역,1,안전,2026,,,2026.0,42.8,2030
B000001935,서울망원초등학교,서울망원초통학구역,1,고위험,2028,,2028.0,2026.0,32.0,2029
B000025891,서울언남초등학교,서울언남초통학구역,1,안전,2026,,,2026.0,71.8,2033
B000001901,서울역촌초등학교,서울역촌초통학구역,1,안전,2026,,,2026.0,96.4,2030
B000025384,서울강빛초등학교,서울강빛초통학구역,1,안전,2026,,,2026.0,115.0,2033
B000001903,서울연은초등학교,서울연은초통학구역,1,안전,2026,,,2026.0,139.6,2031
B000001974,서울오정초등학교,서울오정초통학구역,1,고위험,2033,,2033.0,2026.0,39.9,2033
B000002174,서울대명초등학교,서울대명초통학구역,1,안전,2026,,,2026.0,119.6,2033
B000001902,서울은명초등학교,서울은명초통학구역,1,안전,2026,,,2026.0,141.8,2031
B000001892,서울대조초등학교,서울대조초통학구역,1,안전,2026,,,2026.0,71.6,2030
B000002185,서울신암초등학교,서울신암초통학구역,1,안전,2026,,,2026.0,102.7,2029
B000002168,서울신명초등학교,서울신명초통학구역,1,안전,2026,,,2026.0,109.2,2028
B000001891,서울수리초등학교,서울수리초통학구역,1,고위험,2027,,2027.0,2026.0,32.6,2029
B000002059,서울당현초등학교,서울당현초통학구역,1,안전,2026,,,2026.0,44.8,2029
B000002331,서울삼성초등학교,서울삼성초통학구역,1,고위험,2026,,2026.0,2033.0,25.5,2030
B000001890,서울녹번초등학교,서울녹번초통학구역,1,안전,2026,,,2026.0,103.7,2031
B000002359,서울성수초등학교,서울성수초통학구역,1,안전,2026,,,2026.0,87.4,2027
B000002097,서울덕수초등학교,서울덕수초통학구역,1,안전,2026,,,2026.0,41.1,2033
B000001918,서울대신초등학교,서울대신초통학구역,1,안전,2026,,,2026.0,94.5,2027
B000002305,서울신상도초등학교,서울신상도초통학구역,1,안전,2026,,,2026.0,197.5,2031
B000002171,서울한산초등학교,서울한산초통학구역,1,안전,2026,,,2026.0,73.2,2030
B000002056,서울계상초등학교,서울계상초통학구역,1,안전,2026,,,2026.0,81.4,2029
B000002428,서울인수초등학교,서울인수초통학구역,1,안전,2026,,,2026.0,50.2,2033
B000002050,서울태릉초등학교,서울태릉초통학구역,1,안전,2026,,,2026.0,185.7,2031
B000001839,서울동답초등학교,서울동답초통학구역,1,안전,2026,,,2026.0,107.4,2030
B000002042,서울덕암초등학교,서울덕암초통학구역,1,안전,2026,,,2026.0,52.9,2033
B000001967,서울영서초등학교,서울영서초통학구역,1,안전,2026,,,2026.0,73.5,2029
B000001855,서울휘봉초등학교,서울휘봉초통학구역,1,안전,2026,,,2026.0,82.1,2029
B000001848,서울전동초등학교,서울전동초통학구역,1,안전,2026,,,2026.0,68.2,2030
B000002329,서울조원초등학교,서울조원초통학구역,1,고위험,2026,,2026.0,2027.0,31.3,2026
B000002161,서울선린초등학교,서울선린초통학구역,1,안전,2026,,,2026.0,75.2,2027
B000002146,서울방산초등학교,서울방산초통학구역,1,안전,2026,,,2026.0,60.2,2031
B000001961,서울개봉초등학교,서울개봉초통학구역,1,안전,2026,,,2026.0,210.6,2030
B000002184,서울선사초등학교,서울선사초통학구역,1,안전,2026,,,2026.0,65.8,2031
B000002375,서울동자초등학교,서울동자초통학구역,1,안전,2026,,,2026.0,107.2,2031
B000002176,서울상일초등학교,서울상일초통학구역,1,고위험,2026,,2026.0,2027.0,18.3,2033
B000002085,서울재동초등학교,서울재동초통학구역,1,폐교위험,2027,2027.0,2026.0,,7.2,2028
B000001933,서울마포초등학교,서울마포초통학구역,1,안전,2026,,,2026.0,150.7,2031
B000002178,서울성일초등학교,서울성일초통학구역,1,안전,2026,,,2026.0,145.8,2031
B000002362,서울용답초등학교,서울용답초통학구역,1,폐교위험,2026,2026.0,2033.0,,10.2,2026
B000002225,서울치현초등학교,서울치현초통학구역,1,안전,2026,,,2026.0,52.2,2029
B000001941,서울중동초등학교,서울중동초통학구역,1,안전,2026,,,2026.0,51.2,2031
B000002196,서울남명초등학교,서울남명초통학구역,1,안전,2026,,,2026.0,68.8,2031
B000002009,서울문래초등학교,서울문래초통학구역,1,안전,2026,,,2026.0,127.4,2030
B000001838,서울휘경초등학교,서울휘경초통학구역,1,안전,2026,,,2026.0,41.6,2029
B000002340,서울신봉초등학교,서울신봉초통학구역,1,안전,2026,,,2026.0,47.2,2031
B000001888,서울구산초등학교,서울구산초통학구역,1,안전,2026,,,2026.0,59.6,2031
B000001955,서울고원초등학교,서울고원초통학구역,1,안전,2026,,,2026.0,106.3,2027
B000002132,서울잠신초등학교,서울잠신초통학구역,1,안전,2026,,,2026.0,78.2,2031
B000002236,서울내발산초등학교,서울내발산초통학구역,1,안전,2026,,,2026.0,59.2,2031
B000002229,서울발산초등학교,서울발산초통학구역,1,안전,2026,,,2026.0,80.1,2031
B000002125,서울평화초등학교,서울평화초통학구역,1,안전,2026,,,2026.0,43.6,2031
B000002063,서울노일초등학교,서울노일초통학구역,1,안전,2026,,,2026.0,58.5,2028
B000002206,서울양강초등학교,서울양강초통학구역,1,안전,2026,,,2026.0,68.6,2031
B000002162,서울고명초등학교,서울고명초통학구역,1,안전,2026,,,2026.0,121.6,2031
B000002320,서울상도초등학교,서울상도초통학구역,1,안전,2026,,,2026.0,135.2,2031
B000002252,서울우면초등학교,서울우면초통학구역,1,고위험,2030,,2030.0,2026.0,38.2,2030
B000002218,서울신정초등학교,서울신정초통학구역,1,안전,2026,,,2026.0,121.6,2031
B000002222,서울염경초등학교,서울염경초통학구역,1,안전,2026,,,2026.0,128.4,2030
B000002269,서울서일초등학교,서울서일초통학구역,1,안전,2026,,,2026.0,96.8,2031
B000002223,서울염창초등학교,서울염창초통학구역,1,안전,2026,,,2026.0,139.6,2030
B000002392,서울안암초등학교,서울안암초통학구역,1,고위험,2031,,2031.0,2026.0,37.2,2031
B000025375,서울위례별초등학교,서울위례별초통학구역,1,안전,2026,,,2026.0,94.2,2032
B000001851,서울홍파초등학교,서울홍파초통학구역,1,안전,2026,,,2026.0,42.3,2029
B000002208,서울강월초등학교,서울강월초통학구역,1,안전,2026,,,2026.0,56.2,2028
B000001853,서울홍릉초등학교,서울홍릉초통학구역,1,안전,2026,,,2026.0,62.5,2029
B000001893,서울연신초등학교,서울연신초통학구역,1,폐교위험,2030,2030.0,2026.0,,16.9,2030
B000002364,서울무학초등학교,서울무학초통학구역,1,안전,2026,,,2026.0,147.9,2031
B000002286,서울개일초등학교,서울개일초통학구역,1,안전,2026,,,2026.0,104.1,2031
B000002350,서울경수초등학교,서울경수초통학구역,1,안전,2026,,,2026.0,75.6,2029
B000001919,서울북가좌초등학교,서울북가좌초통학구역,1,안전,2026,,,2026.0,162.7,2031
B000002421,서울삼각산초등학교,서울미양초서울삼각산초공동통학구역,1,안전,2026,,,2026.0,86.7,2033
B000002247,서울등명초등학교,서울등명초서울등양초서울등현초공동통학구역,1,고위험,2026,,2026.0,2033.0,29.8,2028
B000002022,서울오봉초등학교,서울오봉초통학구역,1,고위험,2026,,2026.0,,22.3,2031
B000002267,서울서초초등학교,서울서초초통학구역,1,안전,2026,,,2026.0,78.5,2033
B000002104,서울충무초등학교,서울충무초통학구역,1,폐교위험,2026,2026.0,2030.0,,11.2,2026
B000001881,서울은빛초등학교,서울진관초통학구역,2,안전,2026,,,2026.0,40.9,2033
B000002010,서울영신초등학교,서울영신초통학구역,1,안전,2026,,,2026.0,118.7,2028
B000001922,서울홍연초등학교,서울홍연초통학구역,1,안전,2026,,,2026.0,51.7,2031
B000002280,서울양전초등학교,서울양전초통학구역,1,안전,2026,,,2026.0,42.0,2031
B000002147,서울삼전초등학교,서울삼전초통학구역,1,안전,2026,,,2026.0,77.0,2031
B000002394,서울숭덕초등학교,서울숭덕초통학구역,1,안전,2026,,,2026.0,185.8,2032
B000002355,서울동명초등학교,서울동명초통학구역,1,고위험,2029,,2029.0,2026.0,31.1,2031
B000025289,서울송례초등학교,서울송례초통학구역,1,안전,2026,,,2026.0,90.4,2032
B000001936,서울서강초등학교,서울서강초통학구역,1,안전,2026,,,2026.0,133.2,2031
B000002297,서울도성초등학교,서울도성초통학구역,1,안전,2026,,,2026.0,51.6,2032
B000002177,서울강명초등학교,서울강명초통학구역,1,안전,2026,,,2026.0,92.8,2033
B000002357,서울사근초등학교,서울사근초통학구역,1,고위험,2027,,2027.0,2026.0,29.6,2027
B000002029,서울백운초등학교,서울백운초통학구역,1,안전,2026,,,2026.0,45.0,2031
B000002393,서울동신초등학교,서울동신초통학구역,1,안전,2026,,,2026.0,79.4,2031
B000002351,서울금북초등학교,서울금북초통학구역,1,안전,2026,,,2026.0,225.1,2031
B000001957,서울개웅초등학교,서울개웅초통학구역,1,안전,2026,,,2026.0,51.3,2030
B000001959,서울온수초등학교,서울온수초통학구역,1,안전,2026,,,2026.0,70.5,2027
B000002126,서울중대초등학교,서울중대초통학구역,1,안전,2026,,,2026.0,103.0,2031
B000002399,서울길음초등학교,서울길음초통학구역,1,안전,2026,,,2026.0,74.6,2032
B000001895,서울연천초등학교,서울연천초통학구역,1,고위험,2026,,2026.0,,23.0,2031
B000002076,서울상경초등학교,서울상경초통학구역,1,안전,2026,,,2026.0,129.9,2029
B000002133,서울송전초등학교,서울송전초통학구역,1,안전,2026,,,2026.0,89.8,2031
B000002092,서울창신초등학교,서울창신초통학구역,1,안전,2026,,,2026.0,81.2,2026
B000002276,서울대왕초등학교,서울대왕초통학구역,1,고위험,2026,,2026.0,,27.5,2030
B000002299,서울대청초등학교,서울대청초통학구역,1,폐교위험,2029,2029.0,2026.0,,14.5,2029
B000002007,서울신대림초등학교,서울신대림초통학구역,1,안전,2026,,,2026.0,48.6,2026
B000002356,서울마장초등학교,서울마장초통학구역,1,안전,2026,,,2026.0,57.4,2031
B000002322,서울문창초등학교,서울문창초통학구역,1,안전,2026,,,2026.0,52.9,2029
B000002028,서울쌍문초등학교,서울쌍문초통학구역,1,안전,2026,,,2026.0,64.2,2031
B000001879,서울중흥초등학교,서울중흥초통학구역,1,안전,2026,,,2026.0,67.3,2029
B000002167,서울명덕초등학교,서울명덕초통학구역,1,안전,2026,,,2026.0,106.2,2033
B000002211,서울지향초등학교,서울지향초통학구역,1,안전,2026,,,2026.0,70.1,2031
B000001992,서울시흥초등학교,서울시흥초통학구역,1,고위험,2028,,2028.0,2026.0,35.7,2031
B000002217,서울우장초등학교,서울우장초통학구역,1,안전,2026,,,2026.0,108.0,2031
B000002420,서울삼양초등학교,서울삼양초통학구역,1,안전,2026,,,2026.0,82.2,2033
B000002238,서울백석초등학교,서울백석초통학구역,1,안전,2026,,,2026.0,120.2,2026
B000002041,서울녹천초등학교,서울녹천초통학구역,1,안전,2026,,,2026.0,40.1,2030
B000002429,서울우이초등학교,서울우이초통학구역,1,안전,2026,,,2026.0,59.2,2033
B000002187,서울목원초등학교,서울목원초통학구역,1,고위험,2028,,2028.0,2026.0,20.4,2031
B000002258,서울반원초등학교,서울반원초통학구역,1,안전,2026,,,2026.0,138.2,2033
B000002244,서울월정초등학교,서울월정초통학구역,1,안전,2026,,,2026.0,76.5,2031
B000002034,서울창원초등학교,서울창원초통학구역,1,안전,2026,,,2026.0,45.6,2031
B000001916,서울북성초등학교,서울북성초통학구역,1,안전,2026,,,2026.0,194.2,2031
B000001938,서울서교초등학교,서울서교초통학구역,1,고위험,2029,,2029.0,2026.0,30.2,2031
B000002349,서울경동초등학교,서울경동초통학구역,1,안전,2026,,,2026.0,80.4,2027
B000001969,서울구로초등학교,서울구로초통학구역,1,고위험,2026,,2026.0,,19.1,2026
B000002191,서울계남초등학교,서울계남초통학구역,1,안전,2026,,,2026.0,65.3,2031
B000001956,서울고산초등학교,서울고산초통학구역,1,안전,2026,,,2026.0,45.2,2029
B000002111,서울후암초등학교,서울후암초통학구역,1,고위험,2026,,2026.0,2033.0,24.5,2032
B000001846,서울안평초등학교,서울안평초통학구역,1,안전,2026,,,2026.0,138.8,2033
B000002062,서울노원초등학교,서울노원초통학구역,1,고위험,2026,,2026.0,,25.0,2031
B000002216,서울화일초등학교,서울화일초통학구역,2,안전,2026,,,2026.0,45.1,2031
B000002054,서울신상계초등학교,서울신상계초통학구역,1,안전,2026,,,2026.0,51.2,2032
B000001934,서울동교초등학교,서울동교초통학구역,1,안전,2026,,,2026.0,66.4,2031
B000001877,서울봉화초등학교,서울봉화초통학구역,1,안전,2026,,,2026.0,52.5,2028
B000002405,서울장위초등학교,서울장위초통학구역,1,안전,2026,,,2026.0,85.1,2031
B000002348,서울동호초등학교,서울동호초통학구역,1,안전,2026,,,2026.0,138.6,2031
B000002100,서울장충초등학교,서울장충초통학구역,1,고위험,2026,,2026.0,2033.0,28.2,2032
B000002250,서울수명초등학교,서울수명초통학구역,1,안전,2026,,,2026.0,69.0,2033
B000002317,서울영본초등학교,서울영본초통학구역,1,안전,2026,,,2026.0,107.2,2030
B000002164,서울강일초등학교,서울강일초통학구역,1,안전,2026,,,2026.0,54.1,2033
B000002296,서울압구정초등학교,서울압구정초통학구역,1,안전,2026,,,2026.0,60.2,2033
B000002148,서울석촌초등학교,서울석촌초통학구역,1,안전,2026,,,2026.0,69.4,2031
B000002379,서울양남초등학교,서울양남초통학구역,1,안전,2026,,,2026.0,48.8,2028
B000002048,서울연촌초등학교,서울연촌초통학구역,1,안전,2026,,,2026.0,45.0,2032
B000002156,서울풍성초등학교,서울풍성초통학구역,1,안전,2026,,,2026.0,84.4,2031
B000002130,서울문현초등학교,서울문현초등통학구역,1,안전,2026,,,2026.0,81.3,2031
B000002423,서울송중초등학교,서울송중초통학구역,1,안전,2026,,,2026.0,65.0,2030
B000001962,서울고척초등학교,서울고척초통학구역,1,안전,2026,,,2026.0,236.7,2027
B000002153,서울잠전초등학교,서울잠전초통학구역,1,안전,2026,,,2026.0,77.0,2031
B000002112,서울이태원초등학교,서울이태원초통학구역,1,폐교위험,2026,2026.0,2027.0,,10.6,2028
B000001914,서울홍은초등학교,서울홍은초통학구역,1,고위험,2026,,2026.0,,29.6,2028
B000002136,서울잠현초등학교,서울잠현초통학구역,1,안전,2026,,,2026.0,59.4,2033
B000002232,서울탑산초등학교,서울탑산초통학구역,1,안전,2026,,,2026.0,78.2,2028
B000001975,서울오류남초등학교,서울오류남초통학구역,1,안전,2026,,,2026.0,64.7,2031
B000002363,서울응봉초등학교,서울응봉초통학구역,1,안전,2026,,,2026.0,111.8,2031
B000001939,서울성원초등학교,서울성원초통학구역,1,안전,2026,,,2026.0,54.6,2029
B000002311,서울삼일초등학교,서울삼일초통학구역,1,안전,2026,,,2026.0,232.3,2031
B000002230,서울양천초등학교,서울양천초통학구역,1,안전,2026,,,2026.0,59.2,2026
B000001940,서울성서초등학교,서울성서초통학구역,1,안전,2026,,,2026.0,52.1,2030
B000001878,서울묵동초등학교,서울묵동초통학구역,1,안전,2026,,,2026.0,57.1,2028
B000001906,서울대은초등학교,서울대은초통학구역,1,안전,2026,,,2026.0,44.3,2029
B000001972,서울신도림초등학교,서울신도림초통학구역,1,안전,2026,,,2026.0,100.0,2031
B000002272,서울우암초등학교,서울우암초통학구역,1,고위험,2026,,2026.0,,31.8,2030
B000002044,서울상원초등학교,서울상원초통학구역,1,안전,2026,,,2026.0,112.2,2029
B000002192,서울은정초등학교,서울은정초통학구역,1,안전,2026,,,2026.0,61.6,2031
B000001917,서울연가초등학교,서울연가초통학구역,1,안전,2026,,,2026.0,206.2,2031
B000002295,서울신구초등학교,서울신구초통학구역,1,안전,2026,,,2026.0,42.1,2031
B000002057,서울상곡초등학교,서울상곡초통학구역,1,안전,2026,,,2026.0,90.4,2028
B000001954,서울미래초등학교,서울미래초통학구역,1,안전,2026,,,2026.0,118.2,2028
B000001971,서울신미림초등학교,서울신미림초통학구역,1,안전,2026,,,2026.0,120.9,2031
B000002338,서울인헌초등학교,서울인헌초통학구역,1,안전,2026,,,2026.0,65.8,2030
B000002014,서울대길초등학교,서울대길초통학구역,1,안전,2026,,,2026.0,125.6,2027
B000001887,서울구현초등학교,서울구현초통학구역,1,안전,2026,,,2026.0,47.0,2031
B000022763,서울공항초등학교,서울공항초통학구역,1,안전,2026,,,2026.0,105.5,2033
B000002137,서울신가초등학교,서울신가초통학구역,1,안전,2026,,,2026.0,114.9,2031
B000001942,서울신석초등학교,서울신석초통학구역,1,안전,2026,,,2026.0,93.4,2031
B000002245,서울신월초등학교,서울신월초통학구역,1,안전,2026,,,2026.0,109.2,2031
B000001945,서울한서초등학교,서울한서초통학구역,1,안전,2026,,,2026.0,192.2,2031
B000002103,서울청구초등학교,서울청구초통학구역,1,안전,2026,,,2026.0,119.4,2031
B000002214,서울월촌초등학교,서울월촌초통학구역,1,고위험,2031,,2031.0,2026.0,35.4,2031
B000002282,서울언주초등학교,서울언주초통학구역,1,안전,2026,,,2026.0,85.7,2031
B000001977,서울문교초등학교,서울문교초통학구역,1,고위험,2028,,2028.0,2026.0,24.6,2032
B000002118,서울금양초등학교,서울금양초통학구역,1,안전,2026,,,2026.0,146.8,2030
B000001844,서울군자초등학교,서울군자초통학구역,1,안전,2026,,,2026.0,62.8,2031
B000002139,서울가동초등학교,서울가동초통학구역,1,안전,2026,,,2026.0,67.5,2031
B000001924,서울인왕초등학교,서울인왕초통학구역,1,안전,2026,,,2026.0,98.6,2028
B000002017,서울초당초등학교,서울초당초통학구역,1,안전,2026,,,2026.0,45.3,2031
B000002409,서울청덕초등학교,서울청덕초통학구역,1,안전,2026,,,2026.0,41.3,2027
B000002114,서울용암초등학교,서울용암초통학구역,1,폐교위험,2026,2026.0,,,7.5,2028
B000002381,서울중광초등학교,서울중광초통학구역,1,안전,2026,,,2026.0,40.8,2027
B000002292,서울대현초등학교,서울대현초통학구역,1,안전,2026,,,2026.0,43.7,2033
B000001859,서울면목초등학교,서울면목초통학구역,1,안전,2026,,,2026.0,122.2,2028
B000002374,서울자양초등학교,서울자양초통학구역,1,안전,2026,,,2026.0,57.4,2029
B000002037,서울신화초등학교,서울신화초통학구역,1,고위험,2032,,2032.0,2026.0,37.9,2032
B000002186,서울신은초등학교,서울신은초통학구역,1,안전,2026,,,2026.0,48.0,2031
B000002093,서울효제초등학교,서울효제초통학구역,1,폐교위험,2029,2029.0,2026.0,,11.4,2029
B000002154,서울풍납초등학교,서울풍납초통학구역,1,안전,2026,,,2026.0,45.2,2027
B000002096,서울남산초등학교,서울남산초통학구역,1,고위험,2026,,2026.0,2028.0,33.5,2026
B000002152,서울개롱초등학교,서울개롱초통학구역,1,안전,2026,,,2026.0,80.0,2032
B000002045,서울불암초등학교,서울불암초통학구역,1,고위험,2029,,2029.0,2026.0,21.0,2033
B000002248,서울등현초등학교,서울등현초통학구역,1,안전,2026,,,2026.0,46.7,2028
B000002360,서울송원초등학교,서울송원초통학구역,1,고위험,2026,,2026.0,,26.6,2031
B000002407,서울정수초등학교,서울정수초통학구역,1,안전,2026,,,2026.0,63.7,2032
B000002259,서울매헌초등학교,서울매헌초통학구역,1,안전,2026,,,2026.0,64.0,2031
B000002199,서울강신초등학교,서울강신초통학구역,1,안전,2026,,,2026.0,63.3,2031
B000002108,서울용산초등학교,서울용산초통학구역,1,안전,2026,,,2026.0,127.1,2026
B000002241,서울방화초등학교,서울방화초통학구역,1,안전,2026,,,2026.0,48.5,2027
B000002279,서울대진초등학교,서울대진초통학구역,1,안전,2026,,,2026.0,44.9,2029
B000002240,서울개화초등학교,서울개화초통학구역,1,고위험,2027,,2027.0,2026.0,33.3,2027
B000002308,서울본동초등학교,서울본동초통학구역,1,안전,2026,,,2026.0,40.8,2030
B000002123,서울방이초등학교,서울방이초통학구역,1,안전,2026,,,2026.0,79.6,2031
B000002424,서울화계초등학교,서울화계초통학구역,1,안전,2026,,,2026.0,41.2,2030
B000001963,서울덕의초등학교,서울덕의초통학구역,1,안전,2026,,,2026.0,112.1,2030
B000002226,서울삼정초등학교,서울삼정초통학구역,1,고위험,2027,,2027.0,2026.0,31.9,2029
B000002265,서울방배초등학교,서울방배초통학구역,1,안전,2026,,,2026.0,73.1,2031
B000024069,서울개포초등학교,서울개포초통학구역,1,안전,2026,,,2026.0,88.1,2031
B000001947,서울신북초등학교,서울신북초통학구역,1,안전,2026,,,2026.0,55.1,2029
B000002190,서울목운초등학교,서울목운초통학구역,1,안전,2026,,,2026.0,41.9,2033
B000001932,서울용강초등학교,서울용강초통학구역,1,안전,2026,,,2026.0,115.9,2031
B000001884,서울진관초등학교,서울진관초통학구역,2,폐교위험,2033,2033.0,2026.0,,16.0,2033
B000002358,서울경일초등학교,서울경일초통학구역,1,안전,2026,,,2026.0,53.2,2027
B000002430,서울유현초등학교,서울유현초통학구역,1,고위험,2027,,2027.0,2026.0,25.8,2032
B000002411,서울숭례초등학교,서울숭례초통학구역,1,안전,2026,,,2026.0,75.3,2031
B000002367,서울양진초등학교,서울양진초통학구역,1,안전,2026,,,2026.0,79.8,2031
B000001920,서울연희초등학교,서울연희초통학구역,1,안전,2026,,,2026.0,53.4,2030
B000002021,서울누원초등학교,서울누원초통학구역,1,안전,2026,,,2026.0,92.0,2029
B000002120,서울남정초등학교,서울남정초통학구역,1,안전,2026,,,2026.0,85.3,2026
B000002215,서울영도초등학교,서울영도초통학구역,1,고위험,2031,,2031.0,2026.0,37.9,2033
B000025001,서울율현초등학교,서울율현초통학구역,1,안전,2026,,,2026.0,126.4,2030
B000001852,서울종암초등학교,서울종암초통학구역,1,안전,2026,,,2026.0,53.7,2031
B000002402,서울석계초등학교,서울석계초통학구역,1,안전,2026,,,2026.0,82.3,2031
B000002026,서울창도초등학교,서울창도초통학구역,1,안전,2026,,,2026.0,68.9,2032
B000002207,서울신남초등학교,서울신남초통학구역,1,안전,2026,,,2026.0,176.9,2033
B000002169,서울길동초등학교,서울길동초통학구역,1,안전,2026,,,2026.0,64.1,2028
B000002198,서울갈산초등학교,서울갈산초통학구역,1,안전,2026,,,2026.0,83.2,2031
B000002318,서울남성초등학교,서울남성초통학구역,1,안전,2026,,,2026.0,58.2,2031
B000001905,서울증산초등학교,서울증산초통학구역,1,안전,2026,,,2026.0,93.4,2031
B000002304,서울포이초등학교,서울포이초통학구역,1,안전,2026,,,2026.0,79.9,2032
B000002376,서울신양초등학교,서울신양초통학구역,1,안전,2026,,,2026.0,69.3,2031
B000001970,서울구일초등학교,서울구일초통학구역,1,안전,2026,,,2026.0,109.9,2029
B000002334,서울청룡초등학교,서울청룡초통학구역,1,고위험,2028,,2028.0,2026.0,38.6,2028
B000002312,서울행림초등학교,서울행림초통학구역,1,안전,2026,,,2026.0,46.3,2027
B000002049,서울태랑초등학교,서울태랑초통학구역,1,고위험,2026,,2026.0,,26.1,2031
B000002268,서울서이초등학교,서울서이초통학구역,1,안전,2026,,,2026.0,124.5,2033
B000002373,서울장안초등학교,서울장안초통학구역,1,안전,2026,,,2026.0,43.0,2032
B000002227,서울정곡초등학교,서울정곡초통학구역,1,고위험,2029,,2029.0,2026.0,36.9,2029
B000002293,서울삼릉초등학교,서울삼릉초통학구역,1,안전,2026,,,2026.0,65.8,2030
B000002036,서울신창초등학교,서울신창초통학구역,1,고위험,2028,,2028.0,2026.0,31.3,2032
B000001874,서울신현초등학교,서울신현초통학구역,1,안전,2026,,,2026.0,78.6,2030
B000001861,서울동원초등학교,서울동원초통학구역,1,안전,2026,,,2026.0,52.9,2028
B000001996,서울영중초등학교,서울영중초통학구역,1,안전,2026,,,2026.0,163.2,2026
B000002310,서울동작초등학교,서울동작초통학구역,1,안전,2026,,,2026.0,90.5,2029
B000002109,서울원효초등학교,서울원효초통학구역,1,안전,2026,,,2026.0,120.3,2031
B000002395,서울길원초등학교,서울길원초통학구역,1,안전,2026,,,2026.0,123.6,2032
B000001863,서울망우초등학교,서울망우초통학구역,1,안전,2026,,,2026.0,47.2,2028
B000002263,서울이수초등학교,서울이수초통학구역,1,안전,2026,,,2026.0,52.6,2027
B000001930,서울공덕초등학교,서울공덕초통학구역,1,안전,2026,,,2026.0,196.4,2031
B000002315,서울신길초등학교,서울신길초통학구역,1,안전,2026,,,2026.0,75.5,2031
B000002053,서울공릉초등학교,서울공릉초통학구역,1,안전,2026,,,2026.0,64.9,2031
B000002150,서울오금초등학교,서울오금초통학구역,1,안전,2026,,,2026.0,84.7,2031
B000002087,서울혜화초등학교,서울혜화초통학구역,1,고위험,2026,,2026.0,,26.4,2029
B000002323,서울흑석초등학교,서울흑석초통학구역,1,안전,2026,,,2026.0,52.4,2032
B000002283,서울대치초등학교,서울대치초통학구역,1,고위험,2030,,2030.0,2026.0,26.1,2033
B000002290,서울학동초등학교,서울학동초통학구역,1,안전,2026,,,2026.0,45.2,2031
B000001897,서울수색초등학교,서울수색초통학구역,1,안전,2026,,,2026.0,123.1,2031
B000001994,서울여의도초등학교,서울여의도초통학구역,1,안전,2026,,,2026.0,106.3,2032
B000002055,서울상계초등학교,서울상계초통학구역,1,안전,2026,,,2026.0,79.4,2027
B000001958,서울개명초등학교,서울개명초통학구역,1,고위험,2026,,2026.0,,22.5,2030
B000002144,서울오륜초등학교,서울오륜초통학구역,1,고위험,2031,,2031.0,2026.0,30.6,2031
B000002205,서울신강초등학교,서울신강초통학구역,1,안전,2026,,,2026.0,58.4,2031
B000001982,서울가산초등학교,서울가산초통학구역,1,고위험,2026,,2026.0,2027.0,37.7,2026
B000001883,서울은진초등학교,서울은진초통학구역,1,안전,2026,,,2026.0,51.6,2033
B000001990,서울금산초등학교,서울금산초통학구역,1,폐교위험,2028,2028.0,2026.0,,11.9,2028
B000002070,서울을지초등학교,서울을지초통학구역,1,고위험,2031,,2031.0,2026.0,27.2,2032
B000002370,서울동의초등학교,서울동의초통학구역,1,안전,2026,,,2026.0,55.5,2031
B000001870,서울원묵초등학교,서울원묵초통학구역,1,안전,2026,,,2026.0,52.7,2028
B000001952,서울천왕초등학교,서울천왕초통학구역,1,고위험,2026,,2026.0,,17.3,2031
B000024206,서울고현초등학교,서울고현초통학구역,1,안전,2026,,,2026.0,122.6,2033
B000002400,서울미아초등학교,서울미아초통학구역,1,안전,2026,,,2026.0,148.1,2033
B000002326,서울남부초등학교,서울남부초통학구역,1,고위험,2026,,2026.0,,23.1,2031
B000002419,서울오현초등학교,서울오현초통학구역,1,안전,2026,,,2026.0,57.8,2030
B000002143,서울마천초등학교,서울마천초통학구역,1,안전,2026,,,2026.0,77.1,2029
B000002346,서울신성초등학교,서울신성초통학구역,1,안전,2026,,,2026.0,54.8,2030
B000002008,서울영림초등학교,서울영림초통학구역,1,고위험,2026,,2026.0,2027.0,33.2,2026
B000002233,서울가양초등학교,서울가양초통학구역,1,안전,2026,,,2026.0,60.9,2027
B000002309,서울은로초등학교,서울은로초통학구역,1,안전,2026,,,2026.0,105.2,2032
B000002066,서울연지초등학교,서울연지초통학구역,1,안전,2026,,,2026.0,60.8,2030
B000001985,서울독산초등학교,서울독산초통학구역,1,안전,2026,,,2026.0,68.6,2032
B000002294,서울왕북초등학교,서울왕북초통학구역,1,안전,2026,,,2026.0,51.1,2032
B000001976,서울두산초등학교,서울두산초통학구역,1,안전,2026,,,2026.0,109.5,2027
B000002285,서울대도초등학교,서울대도초통학구역,1,안전,2026,,,2026.0,88.1,2032
B000002158,서울버들초등학교,서울버들초통학구역,1,안전,2026,,,2026.0,68.9,2031
B000002319,서울남사초등학교,서울남사초통학구역,1,안전,2026,,,2026.0,62.1,2030
B000002110,서울청파초등학교,서울청파초통학구역,1,안전,2026,,,2026.0,78.7,2028
B000002003,서울선유초등학교,서울선유초통학구역,1,안전,2026,,,2026.0,50.7,2026
B000001999,서울도림초등학교,서울도림초통학구역,1,안전,2026,,,2026.0,60.8,2028
B000002004,서울당중초등학교,서울당중초통학구역,1,안전,2026,,,2026.0,103.2,2026
B000001889,서울은평초등학교,서울은평초통학구역,1,안전,2026,,,2026.0,165.9,2031
B000002333,서울봉현초등학교,서울봉현초통학구역,1,안전,2026,,,2026.0,164.8,2029
B000001912,서울미동초등학교,서울미동초통학구역,1,안전,2026,,,2026.0,51.4,2031
B000002243,서울화곡초등학교,서울화일초통학구역,2,안전,2026,,,2026.0,45.1,2031
B000002000,서울대동초등학교,서울대동초통학구역,1,고위험,2026,,2026.0,,23.0,2026
B000001997,서울영동초등학교,서울영동초통학구역,1,안전,2026,,,2026.0,114.0,2031
B000001849,서울전곡초등학교,서울전곡초통학구역,1,고위험,2026,,2026.0,,26.2,2030
B000002273,서울신동초등학교,서울신동초통학구역,1,안전,2026,,,2026.0,92.3,2031
B000002410,서울일신초등학교,서울일신초통학구역,1,안전,2026,,,2026.0,60.2,2031
B000002200,서울양화초등학교,서울양화초통학구역,1,안전,2026,,,2026.0,121.2,2031
B000002127,서울문덕초등학교,서울문덕초통학구역,1,안전,2026,,,2026.0,144.4,2031
B000025373,서울위례솔초등학교,서울위례솔초통학구역,1,안전,2026,,,2026.0,106.4,2032
B000002113,서울서빙고초등학교,서울서빙고초통학구역,1,안전,2026,,,2026.0,55.8,2029
B000002291,서울대곡초등학교,서울대곡초통학구역,1,고위험,2033,,2033.0,2026.0,38.8,2033
B000002046,서울수암초등학교,서울수암초통학구역,1,폐교위험,2031,2031.0,2028.0,2026.0,15.1,2033
B000001988,서울탑동초등학교,서울탑동초통학구역,1,안전,2026,,,2026.0,43.2,2033
B000002264,서울서래초등학교,서울서래초통학구역,1,안전,2026,,,2026.0,78.9,2031
B000001871,서울묵현초등학교,서울묵현초통학구역,1,안전,2026,,,2026.0,68.6,2028
B000002077,서울상수초등학교,서울상수초통학구역,1,안전,2026,,,2026.0,54.4,2029
B000024031,서울가재울초등학교,서울가재울초통학구역,1,안전,2026,,,2026.0,196.4,2033
B000002277,서울수서초등학교,서울수서초통학구역,1,고위험,2026,,2026.0,2033.0,26.3,2027
B000001845,서울장평초등학교,서울장평초통학구역,1,안전,2026,,,2026.0,77.4,2033
B000002052,서울용원초등학교,서울용원초통학구역,1,고위험,2031,,2031.0,2026.0,37.6,2031
B000002380,서울용마초등학교,서울용마초통학구역,1,안전,2026,,,2026.0,89.1,2029
B000002065,서울한천초등학교,서울한천초통학구역,1,안전,2026,,,2026.0,94.2,2030
B000022774,서울상현초등학교,서울상현초통학구역,1,안전,2026,,,2026.0,82.6,2028
B000002390,서울정덕초등학교,서울정덕초통학구역,1,안전,2026,,,2026.0,143.1,2032
B000002228,서울가곡초등학교,서울가곡초통학구역,1,안전,2026,,,2026.0,51.2,2031
B000002354,서울금옥초등학교,서울금옥초통학구역,1,안전,2026,,,2026.0,145.0,2030
B000001973,서울오류초등학교,서울오류초통학구역,1,안전,2026,,,2026.0,115.7,2027
B000002067,서울선곡초등학교,서울선곡초통학구역,1,안전,2026,,,2026.0,71.5,2032
B000002313,서울신남성초등학교,서울신남성초통학구역,1,안전,2026,,,2026.0,172.2,2029
B000001868,서울중목초등학교,서울중목초통학구역,1,안전,2026,,,2026.0,79.5,2029
B000001899,서울서신초등학교,서울서신초통학구역,1,고위험,2027,,2027.0,2026.0,32.6,2031
B000001915,서울홍제초등학교,서울홍제초통학구역,1,안전,2026,,,2026.0,135.1,2031
B000001986,서울안천초등학교,서울안천초통학구역,1,안전,2026,,,2026.0,49.9,2027
B000001862,서울면북초등학교,서울면북초통학구역,1,폐교위험,2028,2028.0,2026.0,,14.8,2029
B000002372,서울구남초등학교,서울구남초통학구역,1,안전,2026,,,2026.0,97.7,2031
B000025276,서울새솔초등학교,서울새솔초통학구역,1,고위험,2033,,2033.0,2026.0,39.0,2033
B000001950,서울상암초등학교,서울상암초통학구역,1,안전,2026,,,2026.0,40.6,2033
B000002011,서울대영초등학교,서울대영초통학구역,1,안전,2026,,,2026.0,118.8,2029
B000002396,서울숭곡초등학교,서울숭곡초통학구역,1,안전,2026,,,2026.0,149.0,2033
B000002058,서울상월초등학교,서울상월초통학구역,1,안전,2026,,,2026.0,44.2,2028
B000002302,서울언북초등학교,서울언북초통학구역,1,안전,2026,,,2026.0,127.1,2031
B000002194,서울양명초등학교,서울양명초통학구역,1,안전,2026,,,2026.0,47.9,2033
B000001981,서울신흥초등학교,서울신흥초통학구역,1,고위험,2029,,2029.0,2026.0,34.7,2031
B000002383,서울용곡초등학교,서울용곡초통학구역,1,안전,2026,,,2026.0,67.7,2031
B000002020,서울창림초등학교,서울창림초통학구역,1,안전,2026,,,2026.0,72.2,2031
B000002138,서울가주초등학교,서울가주초통학구역,1,안전,2026,,,2026.0,61.0,2031
B000001979,서울금동초등학교,서울금동초통학구역,1,안전,2026,,,2026.0,40.6,2033
B000002300,서울영희초등학교,서울영희초통학구역,1,고위험,2027,,2027.0,2026.0,27.8,2029
B000002098,서울봉래초등학교,서울봉래초통학구역,1,안전,2026,,,2026.0,84.0,2027
B000001894,서울불광초등학교,서울불광초통학구역,1,안전,2026,,,2026.0,95.8,2029
B000001944,서울소의초등학교,서울소의초통학구역,1,안전,2026,,,2026.0,99.3,2031
B000002131,서울잠일초등학교,서울잠일초통학구역,1,안전,2026,,,2026.0,76.3,2031
B000002035,서울창일초등학교,서울창일초통학구역,1,안전,2026,,,2026.0,68.5,2028
B000002005,서울도신초등학교,서울도신초통학구역,1,폐교위험,2026,2026.0,2027.0,,16.6,2026
B000002188,서울경인초등학교,서울경인초통학구역,1,고위험,2031,,2031.0,2026.0,23.7,2033
B000002327,서울신우초등학교,서울신우초통학구역,1,고위험,2026,,2026.0,,20.6,2030
B000001965,서울동구로초등학교,서울동구로초통학구역,1,안전,2026,,,2026.0,43.2,2028
B000002426,서울수송초등학교,서울수송초통학구역,1,안전,2026,,,2026.0,57.4,2032
B000002408,서울정릉초등학교,서울정릉초통학구역,1,안전,2026,,,2026.0,84.2,2032
B000002145,서울세륜초등학교,서울세륜초통학구역,1,고위험,2028,,2028.0,2026.0,21.9,2031
B000001989,서울백산초등학교,서울백산초통학구역,1,고위험,2028,,2028.0,2026.0,31.7,2028
B000002219,서울신곡초등학교,서울신곡초통학구역,1,안전,2026,,,2026.0,83.5,2031
B000002262,서울방일초등학교,서울방일초통학구역,1,안전,2026,,,2026.0,98.1,2031
B000002321,서울보라매초등학교,서울보라매초통학구역,1,안전,2026,,,2026.0,165.3,2029
B000002099,서울광희초등학교,서울광희초통학구역,1,안전,2026,,,2026.0,103.3,2031
B000002023,서울도봉초등학교,서울도봉초통학구역,1,고위험,2026,,2026.0,,20.3,2031
B000002135,서울잠실초등학교,서울잠실초통학구역,1,안전,2026,,,2026.0,64.9,2033
B000002189,서울서정초등학교,서울서정초통학구역,1,안전,2026,,,2026.0,42.4,2032
B000002043,서울온곡초등학교,서울온곡초통학구역,1,안전,2026,,,2026.0,86.7,2029
B000001913,서울금화초등학교,서울금화초통학구역,1,안전,2026,,,2026.0,120.4,2027
B000001866,서울중곡초등학교,서울중곡초통학구역,1,안전,2026,,,2026.0,90.8,2032
B000001875,서울신내초등학교,서울신내초통학구역,1,안전,2026,,,2026.0,73.2,2033
B000001850,서울전농초등학교,서울전농초통학구역,1,안전,2026,,,2026.0,263.2,2030
B000022762,서울공진초등학교,서울공진초통학구역,1,안전,2026,,,2026.0,90.0,2031
B000002314,서울영화초등학교,서울영화초통학구역,1,안전,2026,,,2026.0,53.5,2031
B000002142,서울남천초등학교,서울남천초통학구역,1,고위험,2033,,2033.0,2026.0,39.7,2033
B000002159,서울신천초등학교,서울신천초통학구역,1,안전,2026,,,2026.0,56.9,2032
B000001867,서울면동초등학교,서울면동초통학구역,1,안전,2026,,,2026.0,148.2,2032
B000002040,서울신계초등학교,서울신계초통학구역,1,고위험,2026,,2026.0,,32.1,2030
B000001864,서울면일초등학교,서울면일초통학구역,1,안전,2026,,,2026.0,72.1,2029
B000002157,서울아주초등학교,서울아주초통학구역,1,고위험,2032,,2032.0,2026.0,34.0,2032
B000002289,서울논현초등학교,서울논현초통학구역,1,고위험,2026,,2026.0,,18.4,2031
B000002193,서울신서초등학교,서울신서초통학구역,1,고위험,2032,,2032.0,2026.0,37.5,2033
B000002281,서울구룡초등학교,서울구룡초통학구역,1,안전,2026,,,2026.0,87.4,2032
B000001968,서울구로남초등학교,서울구로남초통학구역,1,고위험,2029,,2029.0,2026.0,39.6,2029
B000001937,서울하늘초등학교,서울하늘초통학구역,1,고위험,2026,,2026.0,,19.8,2033
B000002006,서울신영초등학교,서울신영초통학구역,1,안전,2026,,,2026.0,74.1,2026
B000002412,서울숭인초등학교,서울숭인초통학구역,1,안전,2026,,,2026.0,88.0,2030
B000002353,서울옥수초등학교,서울옥수초통학구역,1,안전,2026,,,2026.0,141.6,2031
B000026371,서울숭신초등학교,서울숭신초통학구역,1,안전,2026,,,2026.0,171.0,2031
B000002371,서울광진초등학교,서울광진초통학구역,1,안전,2026,,,2026.0,54.3,2031
B000001998,서울당서초등학교,서울당서초서울선유초공동통학구역,1,안전,2026,,,2026.0,196.5,2028
B000002128,서울문정초등학교,서울문정초통학구역,1,안전,2026,,,2026.0,125.9,2031
B000001854,서울청량초등학교,서울청량초통학구역,1,안전,2026,,,2026.0,63.3,2027
B000002151,서울거여초등학교,서울거여초통학구역,1,안전,2026,,,2026.0,81.5,2032
B000002209,서울목동초등학교,서울목동초통학구역,1,안전,2026,,,2026.0,55.3,2033
B000002203,서울신원초등학교,서울신원초통학구역,1,안전,2026,,,2026.0,42.5,2031
B000002337,서울사당초등학교,서울사당초통학구역,1,안전,2026,,,2026.0,97.9,2030
B000002422,서울송천초등학교,서울송천초통학구역,1,안전,2026,,,2026.0,117.0,2033
B000002027,서울숭미초등학교,서울숭미초통학구역,1,안전,2026,,,2026.0,59.7,2031
B000002256,서울원촌초등학교,서울원촌초통학구역,1,안전,2026,,,2026.0,102.8,2033
B000002019,서울창경초등학교,서울창경초통학구역,1,안전,2026,,,2026.0,95.4,2031
B000002328,서울신림초등학교,서울신림초통학구역,1,안전,2026,,,2026.0,63.4,2030
B000002204,서울강서초등학교,서울강서초통학구역,1,안전,2026,,,2026.0,89.0,2032
B000001841,서울신답초등학교,서울신답초통학구역,1,안전,2026,,,2026.0,172.5,2031
B000002239,서울송화초등학교,서울송화초통학구역,1,안전,2026,,,2026.0,166.0,2032
B000002336,서울원당초등학교,서울원당초통학구역,1,고위험,2027,,2027.0,2026.0,36.8,2029
B000002018,서울신학초등학교,서울신학초통학구역,1,안전,2026,,,2026.0,87.4,2031
B000001860,서울면남초등학교,서울면남초통학구역,1,안전,2026,,,2026.0,141.3,2029
B000002306,서울강남초등학교,서울강남초통학구역,1,안전,2026,,,2026.0,179.2,2031
B000002345,서울난향초등학교,서울난향초통학구역,1,안전,2026,,,2026.0,41.0,2031
B000001984,서울문성초등학교,서울문성초통학구역,1,고위험,2026,,2026.0,2033.0,28.1,2028
B000002141,서울거원초등학교,서울거원초통학구역,1,안전,2026,,,2026.0,107.4,2030
B000002235,서울송정초등학교,서울송정초통학구역,1,안전,2026,,,2026.0,100.4,2031
B000002075,서울중평초등학교,서울중평초통학구역,1,안전,2026,,,2026.0,101.8,2032
B000002068,서울월계초등학교,서울월계초통학구역,1,고위험,2027,,2027.0,2026.0,35.8,2030
B000002202,서울양원초등학교,서울양원초통학구역,1,폐교위험,2026,2026.0,,,11.4,2029
B000002073,서울용동초등학교,서울용동초통학구역,1,안전,2026,,,2026.0,46.0,2032
B000002101,서울신당초등학교,서울신당초통학구역,1,안전,2026,,,2026.0,111.9,2028
B000002031,서울자운초등학교,서울자운초통학구역,1,안전,2026,,,2026.0,80.3,2028
B000002368,서울광남초등학교,서울광남초통학구역,1,안전,2026,,,2026.0,73.2,2033
B000002121,서울신용산초등학교,서울신용산초통학구역,1,안전,2026,,,2026.0,176.2,2031
B000025372,서울해누리초등학교,서울해누리초통학구역,1,안전,2026,,,2026.0,75.1,2031
B000002166,서울강덕초등학교,서울강덕초통학구역,1,안전,2026,,,2026.0,89.0,2031
B000002124,서울가락초등학교,서울가락초통학구역,1,안전,2026,,,2026.0,190.7,2031
B000002016,서울윤중초등학교,서울윤중초통학구역,1,안전,2026,,,2026.0,46.7,2032
B000001987,서울금천초등학교,서울금천초통학구역,1,고위험,2026,,2026.0,,19.5,2031
B000002047,서울중계초등학교,서울중계초통학구역,1,안전,2026,,,2026.0,57.9,2031
B000002069,서울원광초등학교,서울원광초통학구역,1,안전,2026,,,2026.0,46.7,2033
B000001873,서울상봉초등학교,서울상봉초통학구역,1,안전,2026,,,2026.0,104.3,2029
B000001842,서울용두초등학교,서울용두초통학구역,1,안전,2026,,,2026.0,60.8,2031
B000002024,서울방학초등학교,서울방학초통학구역,1,안전,2026,,,2026.0,54.4,2032
B000002298,서울역삼초등학교,서울역삼초통학구역,1,고위험,2030,,2030.0,2026.0,36.3,2030
B000002270,서울원명초등학교,서울원명초통학구역,1,안전,2026,,,2026.0,99.4,2033
B000002344,서울난우초등학교,서울난우초통학구역,1,고위험,2030,,2030.0,2026.0,37.6,2030
B000002343,서울관악초등학교,서울관악초통학구역,1,안전,2026,,,2026.0,75.4,2028
B000002427,서울수유초등학교,서울수유초통학구역,1,안전,2026,,,2026.0,52.9,2032
B000001847,서울배봉초등학교,서울배봉초통학구역,1,안전,2026,,,2026.0,96.1,2030
B000002254,서울신중초등학교,서울신중초통학구역,1,안전,2026,,,2026.0,141.2,2031
B000002391,서울삼선초등학교,서울삼선초통학구역,1,안전,2026,,,2026.0,60.1,2031
B000030583,서울개현초등학교,서울개현초통학구역,1,안전,2026,,,2026.0,112.0,2031
B000002061,서울동일초등학교,서울동일초통학구역,1,안전,2026,,,2026.0,60.9,2027
B000001948,서울성산초등학교,서울성산초통학구역,1,안전,2026,,,2026.0,80.1,2030
B000001876,서울중화초등학교,서울중화초통학구역,1,안전,2026,,,2026.0,173.0,2030
B000002275,서울봉은초등학교,서울봉은초통학구역,1,안전,2026,,,2026.0,85.8,2033
B000002361,서울옥정초등학교,서울옥정초통학구역,1,안전,2026,,,2026.0,121.2,2030
B000002089,서울독립문초등학교,서울독립문초통학구역,1,안전,2026,,,2026.0,82.1,2033
B000002332,서울미성초등학교,서울미성초통학구역,1,안전,2026,,,2026.0,57.5,2031
B000002330,서울난곡초등학교,서울난곡초통학구역,1,고위험,2028,,2028.0,2026.0,30.2,2030
B000001840,서울답십리초등학교,서울답십리초통학구역,1,안전,2026,,,2026.0,149.2,2030
B000002342,서울은천초등학교,서울은천초통학구역,1,안전,2026,,,2026.0,77.1,2031
B000025000,서울자곡초등학교,서울자곡초통학구역,1,고위험,2029,,2029.0,2026.0,32.7,2030
B000002341,서울구암초등학교,서울구암초통학구역,1,안전,2026,,,2026.0,127.7,2031
B000002117,서울한남초등학교,서울한남초통학구역,1,안전,2026,,,2026.0,80.8,2031
B000002335,서울봉천초등학교,서울봉천초통학구역,1,안전,2026,,,2026.0,113.4,2027
B000002212,서울장수초등학교,서울장수초통학구역,1,안전,2026,,,2026.0,61.6,2031
B000002088,서울명신초등학교,서울명신초통학구역,1,안전,2026,,,2026.0,72.8,2031
B000002255,서울서원초등학교,서울서원초통학구역,1,안전,2026,,,2026.0,125.4,2033
B000002119,서울삼광초등학교,서울삼광초통학구역,1,고위험,2026,,2026.0,2033.0,30.3,2029
B000001964,서울세곡초등학교,서울세곡초통학구역,1,안전,2026,,,2026.0,46.0,2026
B000002140,서울영풍초등학교,서울영풍초통학구역,1,안전,2026,,,2026.0,134.3,2029
B000002013,서울대방초등학교,서울대방초통학구역,1,안전,2026,,,2026.0,180.5,2028
B000001949,서울상지초등학교,서울상지초통학구역,1,고위험,2027,,2027.0,2026.0,22.0,2033
B000002242,서울염동초등학교,서울염동초통학구역,1,안전,2026,,,2026.0,85.8,2030
B000002129,서울가원초등학교,서울가원초통학구역,1,안전,2026,,,2026.0,51.2,2029
B000002257,서울잠원초등학교,서울잠원초통학구역,1,안전,2026,,,2026.0,197.2,2033
B000002213,서울양동초등학교,서울양동초통학구역,1,안전,2026,,,2026.0,53.7,2031
B000002284,서울도곡초등학교,서울도곡초통학구역,1,안전,2026,,,2026.0,59.0,2030
B000002149,서울송파초등학교,서울송파초통학구역,1,안전,2026,,,2026.0,74.6,2029
B000002071,서울중원초등학교,서울중원초통학구역,1,안전,2026,,,2026.0,60.9,2028
B000002382,서울중마초등학교,서울중마초통학구역,1,안전,2026,,,2026.0,45.0,2032
B000001995,서울영원초등학교,서울영원초통학구역,1,안전,2026,,,2026.0,82.9,2028
B000002365,서울행현초등학교,서울행현초통학구역,1,안전,2026,,,2026.0,107.2,2028
B000002398,서울월곡초등학교,서울월곡초통학구역,1,안전,2026,,,2026.0,46.5,2030
B000002401,서울개운초등학교,서울개운초통학구역,1,안전,2026,,,2026.0,109.6,2030
B000001931,서울창천초등학교,서울창천초통학구역,1,고위험,2028,,2028.0,2026.0,36.9,2031
B000001980,서울문백초등학교,서울문백초통학구역,1,안전,2026,,,2026.0,45.7,2028
B000002134,서울잠동초등학교,서울잠동초통학구역,1,안전,2026,,,2026.0,86.9,2032
B000002316,서울대림초등학교,서울대림초통학구역,1,안전,2026,,,2026.0,144.3,2031
B000002406,서울장곡초등학교,서울장곡초통학구역,1,안전,2026,,,2026.0,150.2,2031
B000002397,서울장월초등학교,서울장월초통학구역,1,안전,2026,,,2026.0,154.1,2031
B000002377,서울신자초등학교,서울신자초통학구역,1,안전,2026,,,2026.0,58.4,2028
B000001923,서울안산초등학교,서울안산초통학구역,1,안전,2026,,,2026.0,121.2,2029
B000002015,서울당산초등학교,서울당산초통학구역,1,안전,2026,,,2026.0,66.8,2029
B000002278,서울대모초등학교,서울대모초통학구역,1,안전,2026,,,2026.0,59.7,2030
B000002072,서울청계초등학교,서울청계초통학구역,1,고위험,2032,,2032.0,2026.0,39.4,2032
B000002303,서울청담초등학교,서울청담초통학구역,1,안전,2026,,,2026.0,68.1,2033
B000002025,서울신방학초등학교,서울신방학초통학구역,1,고위험,2027,,2027.0,2026.0,27.9,2031
B000001900,서울상신초등학교,서울상신초통학구역,1,안전,2026,,,2026.0,93.9,2030
B000002425,서울미양초등학교,서울미양초통학구역,1,안전,2026,,,2026.0,58.0,2033
B000001898,서울신사초등학교,서울신사초통학구역,1,안전,2026,,,2026.0,54.8,2029
B000001966,서울신구로초등학교,서울신구로초통학구역,1,안전,2026,,,2026.0,70.8,2028
B000002418,서울번동초등학교,서울번동초통학구역,1,안전,2026,,,2026.0,51.6,2030
B000002210,서울신목초등학교,서울신목초통학구역,1,고위험,2032,,2032.0,2026.0,38.2,2032
B000002091,서울세검정초등학교,서울세검정초통학구역,1,고위험,2030,,2030.0,2026.0,33.0,2032
B000002102,서울흥인초등학교,서울흥인초통학구역,1,안전,2026,,,2026.0,88.9,2031
B000002221,서울등양초등학교,서울등양초통학구역,1,고위험,2026,,2026.0,2033.0,32.6,2028
B000002404,서울성북초등학교,서울성북초통학구역,1,고위험,2026,,2026.0,,26.0,2030
B000002246,서울등서초등학교,서울등서초통학구역,1,안전,2026,,,2026.0,62.4,2031
B000002155,서울토성초등학교,서울토성초통학구역,1,안전,2026,,,2026.0,40.9,2030
B000001872,서울신묵초등학교,서울신묵초통학구역,1,고위험,2026,,2026.0,,30.4,2028
