학교ID,학교명,설립형태,hakgudo_nm,school_count,할당_통학구역수,할당_통학구역목록,nearest_추가_통학구역수,nearest_추가_통학구역목록,nearest_평균거리_m,nearest_최대거리_m,2026_신입생_할당,2027_신입생_할당,2028_신입생_할당,2029_신입생_할당,2030_신입생_할당,2031_신입생_할당,2032_신입생_할당,2033_신입생_할당,2026_2033_신입생_할당합계
B000002074,서울중현초등학교,공립,서울중현초통학구역,1,1,서울중현초통학구역,0,,,,81.7,75.4,58.8,68.7,57.7,49.2,44.8,60.8,497.1
B000002266,서울방현초등학교,공립,서울방현초통학구역,1,2,"서울방현초통학구역, 서울방일초서울방현초공동통학구역",1,서울방일초서울방현초공동통학구역,554.6,554.6,51.3,42.3,44.5,40.4,40.3,34.7,34.4,36.2,324.1
B000001946,서울염리초등학교,공립,서울염리초통학구역,1,2,"서울염리초통학구역, 서울염리초서울용강초공동통학구역",1,서울염리초서울용강초공동통학구역,286.5,286.5,247.4,216.0,191.6,171.9,161.9,143.8,145.4,157.0,1435.0
B000002175,서울고일초등학교,공립,서울고일초통학구역,1,1,서울고일초통학구역,0,,,,271.1,278.9,215.5,200.5,182.6,156.7,146.6,118.1,1570.0
B000002012,서울우신초등학교,공립,서울우신초통학구역,1,1,서울우신초통학구역,0,,,,63.3,54.3,44.9,54.4,63.1,60.8,55.9,67.5,464.2
B000002271,서울양재초등학교,공립,서울양재초통학구역,1,1,서울양재초통학구역,0,,,,33.3,34.2,32.4,32.3,30.7,31.1,32.6,33.5,260.1
B000002172,서울위례초등학교,공립,서울위례초통학구역,1,1,서울위례초통학구역,0,,,,2.2,1.9,1.5,1.6,1.3,1.1,1.2,1.2,12.0
B000027451,서울양원숲초등학교,공립,서울양원숲초통학구역,1,1,서울양원숲초통학구역,0,,,,161.4,161.3,118.5,136.7,144.6,146.4,148.1,136.0,1153.0
B000026183,서울항동초등학교,공립,서울항동초통학구역,1,1,서울항동초통학구역,0,,,,274.9,202.9,165.1,156.8,151.3,102.4,114.4,80.2,1248.0
B000025614,서울하늘숲초등학교,공립,서울하늘숲초통학구역,1,2,"서울하늘숲초통학구역, 서울천왕초서울하늘숲초공동통학구역",1,서울천왕초서울하늘숲초공동통학구역,217.2,217.2,41.6,34.5,30.2,33.0,28.2,27.2,31.1,28.0,253.8
B000001904,서울응암초등학교,공립,서울응암초통학구역,1,1,서울응암초통학구역,0,,,,218.4,200.3,201.3,167.0,193.0,160.4,174.7,169.8,1484.9
B000002301,서울일원초등학교,공립,서울일원초통학구역,1,1,서울일원초통학구역,0,,,,198.3,170.0,156.5,142.8,137.3,140.9,165.2,209.0,1320.0
B000002170,서울천동초등학교,공립,서울천동초통학구역,1,1,서울천동초통학구역,0,,,,151.4,132.1,142.3,163.9,176.0,175.2,201.8,222.3,1365.0
B000002389,서울돈암초등학교,공립,서울돈암초통학구역,1,1,서울돈암초통학구역,0,,,,173.7,150.1,145.5,144.9,133.9,121.7,130.9,146.3,1147.0
B000001983,서울정심초등학교,공립,서울정심초통학구역,1,1,서울정심초통학구역,0,,,,23.1,27.9,19.3,24.5,21.4,16.3,17.0,18.5,168.0
B000002237,서울등촌초등학교,공립,서울등촌초통학구역,1,1,서울등촌초통학구역,0,,,,114.6,117.0,108.1,125.3,113.6,115.2,127.7,133.4,954.9
B000002030,서울월천초등학교,공립,서울월천초통학구역,1,1,서울월천초통학구역,0,,,,65.3,52.6,43.9,55.7,43.8,50.4,46.3,52.0,410.0
B000022754,서울세명초등학교,공립,서울세명초통학구역,1,1,서울세명초통학구역,0,,,,89.4,88.4,76.4,64.4,61.9,66.0,65.3,76.2,588.0
B000001843,서울이문초등학교,공립,서울이문초통학구역,1,1,서울이문초통학구역,0,,,,109.9,117.2,105.2,98.6,110.1,89.8,103.7,115.4,849.9
B000002181,서울천일초등학교,공립,서울천일초통학구역,1,1,서울천일초통학구역,0,,,,71.0,60.0,67.0,75.6,79.0,78.3,85.5,106.6,623.0
B000002163,서울묘곡초등학교,공립,서울묘곡초통학구역,1,1,서울묘곡초통학구역,0,,,,191.4,152.3,117.6,107.8,72.8,68.7,59.2,61.2,831.0
B000002060,서울상천초등학교,공립,서울상천초통학구역,1,1,서울상천초통학구역,0,,,,49.4,50.8,43.4,41.9,47.9,47.4,51.8,66.3,398.9
B000002201,서울정목초등학교,공립,서울정목초통학구역,1,1,서울정목초통학구역,0,,,,123.7,115.1,88.5,74.3,81.2,71.9,69.4,79.0,703.1
B000002183,서울강동초등학교,공립,서울강동초통학구역,1,1,서울강동초통학구역,0,,,,118.1,96.3,100.1,101.6,105.5,91.4,118.0,133.0,864.0
B000002352,서울금호초등학교,공립,서울금호초통학구역,1,2,"서울금호초통학구역, 서울금옥초서울금호초공동통학구역",1,서울금옥초서울금호초공동통학구역,364.6,364.6,198.6,198.0,186.7,208.1,184.5,173.4,180.2,266.4,1595.9
B000002033,서울창동초등학교,공립,서울창동초통학구역,1,1,서울창동초통학구역,0,,,,74.6,78.3,61.4,75.0,62.9,58.0,64.6,74.3,549.1
B000002165,서울고덕초등학교,공립,서울고덕초통학구역,1,1,서울고덕초통학구역,0,,,,241.3,226.3,201.5,184.8,162.5,139.3,155.4,163.8,1474.9
B000002086,서울교동초등학교,공립,서울교동초통학구역,1,1,서울교동초통학구역,0,,,,20.8,18.8,24.8,23.1,27.1,19.0,27.7,33.8,195.1
B000002173,서울명원초등학교,공립,서울명원초통학구역,1,1,서울명원초통학구역,0,,,,188.3,135.7,130.6,115.1,104.5,83.9,97.7,90.0,945.8
B000002378,서울성자초등학교,공립,서울성자초통학구역,1,2,"서울성자초통학구역, 서울양남초서울성자초공동통학구역",1,서울양남초서울성자초공동통학구역,311.4,311.4,77.3,77.8,68.5,86.4,81.2,95.0,101.2,95.7,683.1
B000002032,서울가인초등학교,공립,서울가인초통학구역,1,1,서울가인초통학구역,0,,,,99.5,100.4,81.9,88.0,85.5,73.2,73.7,80.8,683.0
B000002051,서울공연초등학교,공립,서울공연초통학구역,1,2,"서울공연초통학구역, 서울공연초서울용원초공동통학구역",1,서울공연초서울용원초공동통학구역,312.1,312.1,100.7,103.0,94.3,81.1,89.8,77.1,83.5,91.4,720.9
B000001882,서울신도초등학교,공립,서울신도초통학구역,1,1,서울신도초통학구역,0,,,,80.9,79.9,71.3,68.7,56.3,51.3,46.1,42.4,496.9
B000024205,서울강솔초등학교,공립,서울강솔초통학구역,1,1,서울강솔초통학구역,0,,,,109.5,135.1,150.5,133.3,104.3,72.8,67.9,63.6,837.0
B000001896,서울연광초등학교,공립,서울연광초통학구역,1,1,서울연광초통학구역,0,,,,17.6,13.2,16.5,15.1,12.1,13.4,15.5,16.5,119.9
B000024775,서울금나래초등학교,공립,서울금나래초통학구역,1,1,서울금나래초통학구역,0,,,,152.7,134.0,138.6,144.4,142.9,141.3,141.3,170.9,1166.1
B000002220,서울등마초등학교,공립,서울등마초통학구역,1,1,서울등마초통학구역,0,,,,128.6,130.8,120.1,135.4,125.5,124.3,134.5,143.7,1042.9
B000024102,서울어울초등학교,공립,서울어울초통학구역,1,1,서울어울초통학구역,0,,,,82.2,83.7,88.9,88.9,97.6,75.6,71.4,88.6,676.9
B000002180,서울명일초등학교,공립,서울명일초통학구역,1,1,서울명일초통학구역,0,,,,184.9,154.9,148.8,142.7,118.9,97.4,116.9,109.6,1074.1
B000002083,서울청운초등학교,공립,서울청운초통학구역,1,1,서울청운초통학구역,0,,,,33.5,29.4,26.6,25.0,23.8,22.6,23.8,23.2,207.9
B000001943,서울아현초등학교,공립,서울아현초통학구역,1,1,서울아현초통학구역,0,,,,192.0,193.3,186.4,193.6,186.1,169.6,188.4,206.5,1515.9
B000002195,서울신기초등학교,공립,서울신기초통학구역,1,1,서울신기초통학구역,0,,,,65.4,61.8,61.6,57.0,49.3,45.1,51.4,51.4,443.0
B000001925,서울고은초등학교,공립,서울고은초통학구역,1,1,서울고은초통학구역,0,,,,87.4,85.7,84.4,74.2,81.3,80.6,82.6,95.7,671.9
B000024506,서울우솔초등학교,공립,서울우솔초통학구역,1,1,서울우솔초통학구역,0,,,,62.0,63.8,58.9,59.1,54.2,58.6,59.7,57.6,473.9
B000002307,서울노량진초등학교,공립,서울노량진초통학구역,1,1,서울노량진초통학구역,0,,,,87.8,64.3,65.4,75.5,69.3,57.2,72.8,81.8,574.1
B000002116,서울한강초등학교,공립,서울한강초통학구역,1,1,서울한강초통학구역,0,,,,77.1,84.2,99.1,96.6,111.0,103.4,112.6,121.2,805.2
B000002403,서울석관초등학교,공립,서울석관초통학구역,1,1,서울석관초통학구역,0,,,,102.9,94.0,91.7,94.3,99.5,90.0,117.4,118.1,807.9
B000002197,서울양목초등학교,공립,서울양목초통학구역,1,1,서울양목초통학구역,0,,,,55.2,44.1,38.3,43.3,33.2,30.9,35.1,43.0,323.1
B000002001,서울영등포초등학교,공립,서울영등포초통학구역,1,1,서울영등포초통학구역,0,,,,109.8,119.9,100.9,113.0,142.2,136.0,123.6,180.7,1026.1
B000002182,서울천호초등학교,공립,서울천호초통학구역,1,1,서울천호초통학구역,0,,,,148.8,131.7,146.3,167.8,148.4,131.6,139.3,171.2,1185.1
B000002002,서울영문초등학교,공립,서울영문초통학구역,1,1,서울영문초통학구역,0,,,,205.5,192.4,183.2,194.1,174.7,178.5,185.4,224.1,1537.9
B000001960,서울매봉초등학교,공립,서울매봉초통학구역,1,1,서울매봉초통학구역,0,,,,45.4,43.8,51.1,51.3,52.7,48.8,56.1,62.9,412.1
B000002084,서울매동초등학교,공립,서울매동초통학구역,1,1,서울매동초통학구역,0,,,,34.1,36.3,26.8,32.7,27.3,26.0,24.4,19.4,227.0
B000002288,서울개원초등학교,공립,서울개원초통학구역,1,1,서울개원초통학구역,0,,,,225.0,220.5,173.2,151.0,158.6,143.5,138.3,156.9,1367.0
B000001978,서울영남초등학교,공립,서울영남초통학구역,1,1,서울영남초통학구역,0,,,,40.9,46.4,32.8,47.3,33.6,30.6,38.9,39.5,310.0
B000001886,서울갈현초등학교,공립,서울갈현초통학구역,1,1,서울갈현초통학구역,0,,,,104.5,78.6,71.7,70.8,60.0,57.8,59.0,73.6,576.0
B000002385,서울구의초등학교,공립,서울구의초통학구역,1,1,서울구의초통학구역,0,,,,141.2,105.6,110.0,98.8,107.3,111.6,114.0,128.5,917.0
B000002249,서울등원초등학교,공립,서울등원초통학구역,1,1,서울등원초통학구역,0,,,,55.6,61.0,57.1,67.6,60.7,51.2,57.5,71.3,482.0
B000002347,서울행당초등학교,공립,서울행당초통학구역,1,1,서울행당초통학구역,0,,,,195.8,177.5,175.2,194.6,188.7,159.6,177.4,195.4,1464.2
B000002064,서울수락초등학교,공립,서울수락초통학구역,1,1,서울수락초통학구역,0,,,,64.6,64.0,48.3,50.8,55.2,47.8,49.8,61.5,442.0
B000002339,서울당곡초등학교,공립,서울당곡초통학구역,1,1,서울당곡초통학구역,0,,,,110.3,101.1,104.3,82.4,91.5,87.5,91.7,94.1,762.9
B000002325,서울원신초등학교,공립,서울원신초통학구역,1,1,서울원신초통학구역,0,,,,7.9,7.0,7.7,6.9,5.6,7.0,6.4,9.6,58.1
B000001953,서울영일초등학교,공립,서울영일초통학구역,1,1,서울영일초통학구역,0,,,,11.6,12.6,13.1,13.6,13.5,12.5,14.8,19.2,110.9
B000002369,서울광장초등학교,공립,서울광장초통학구역,1,1,서울광장초통학구역,0,,,,38.5,36.1,22.8,19.6,17.3,14.1,13.2,11.5,173.1
B000002160,서울둔촌초등학교,공립,서울둔촌초통학구역,1,4,"서울둔촌초통학구역, 서울둔촌초서울성일초공동통학구역, 서울둔촌초서울한산초공동통학구역, 서울성일초서울위례초공동통학구역",3,"서울둔촌초서울성일초공동통학구역, 서울둔촌초서울한산초공동통학구역, 서울성일초서울위례초공동통학구역",408.0,557.5,83.2,77.1,78.3,75.7,67.8,62.9,73.0,84.0,602.0
B000001869,서울중랑초등학교,공립,서울중랑초통학구역,1,1,서울중랑초통학구역,0,,,,76.1,81.8,76.3,66.7,74.7,78.0,81.2,102.1,636.9
B000002179,서울성내초등학교,공립,서울성내초통학구역,1,1,서울성내초통학구역,0,,,,164.0,156.4,141.0,149.0,163.9,160.2,172.8,192.8,1300.1
B000001921,서울창서초등학교,공립,서울창서초통학구역,1,1,서울창서초통학구역,0,,,,56.8,50.6,48.8,45.0,42.8,43.4,52.7,51.8,391.9
B000001935,서울망원초등학교,공립,서울망원초통학구역,1,1,서울망원초통학구역,0,,,,43.8,44.7,39.4,32.0,35.4,36.9,40.1,47.8,320.1
B000025891,서울언남초등학교,공립,서울언남초통학구역,1,1,서울언남초통학구역,0,,,,107.3,88.9,97.0,104.5,92.8,88.2,95.3,71.8,745.8
B000001901,서울역촌초등학교,공립,서울역촌초통학구역,1,1,서울역촌초통학구역,0,,,,123.3,117.8,101.0,106.2,96.4,99.7,108.4,121.1,873.9
B000025384,서울강빛초등학교,공립,서울강빛초통학구역,1,1,서울강빛초통학구역,0,,,,209.1,229.4,232.5,185.8,166.1,143.3,126.7,115.0,1407.9
B000001903,서울연은초등학교,공립,서울연은초통학구역,1,1,서울연은초통학구역,0,,,,187.4,175.8,175.0,151.1,172.0,139.6,155.5,150.6,1307.0
B000001974,서울오정초등학교,공립,서울오정초통학구역,1,1,서울오정초통학구역,0,,,,78.7,61.3,53.9,54.9,49.2,41.8,48.4,39.9,428.1
B000002174,서울대명초등학교,공립,서울대명초통학구역,1,1,서울대명초통학구역,0,,,,226.6,191.4,166.4,154.6,143.2,120.5,132.6,119.6,1254.9
B000001902,서울은명초등학교,공립,서울은명초통학구역,1,1,서울은명초통학구역,0,,,,185.7,165.2,160.2,150.2,169.0,141.8,151.1,154.7,1277.9
B000001892,서울대조초등학교,공립,서울대조초통학구역,1,1,서울대조초통학구역,0,,,,94.0,81.9,73.2,72.2,71.6,74.9,90.5,114.7,673.0
B000002185,서울신암초등학교,공립,서울신암초통학구역,1,1,서울신암초통학구역,0,,,,110.0,115.4,103.0,102.7,115.0,111.5,147.5,170.9,976.0
B000002168,서울신명초등학교,공립,서울신명초통학구역,1,1,서울신명초통학구역,0,,,,125.6,122.0,109.2,131.8,128.8,118.1,143.0,137.3,1015.8
B000001891,서울수리초등학교,공립,서울수리초통학구역,1,1,서울수리초통학구역,0,,,,43.6,37.7,42.3,32.6,45.0,33.0,34.3,42.6,311.1
B000002059,서울당현초등학교,공립,서울당현초통학구역,1,1,서울당현초통학구역,0,,,,53.5,55.2,47.6,44.8,52.8,52.1,58.0,74.1,438.1
B000002331,서울삼성초등학교,공립,서울삼성초통학구역,1,1,서울삼성초통학구역,0,,,,39.8,36.4,36.2,39.5,25.5,37.4,39.3,43.0,297.1
B000001890,서울녹번초등학교,공립,서울녹번초통학구역,1,1,서울녹번초통학구역,0,,,,122.1,113.9,111.2,115.4,119.4,103.7,107.8,127.7,921.2
B000002359,서울성수초등학교,공립,서울성수초통학구역,1,2,"서울성수초통학구역, 서울장안초서울성수초공동통학구역",1,서울장안초서울성수초공동통학구역,546.6,546.6,106.3,87.4,101.2,96.2,96.3,87.4,111.1,120.1,806.0
B000002097,서울덕수초등학교,공립,서울덕수초통학구역,1,1,서울덕수초통학구역,0,,,,59.5,64.8,48.8,56.3,49.5,43.6,43.3,41.1,406.9
B000001918,서울대신초등학교,공립,서울대신초통학구역,1,1,서울대신초통학구역,0,,,,108.8,94.5,95.1,97.5,108.3,97.8,103.6,114.4,820.0
B000002305,서울신상도초등학교,공립,서울신상도초통학구역,1,1,서울신상도초통학구역,0,,,,240.8,252.5,220.0,208.1,204.8,197.5,212.5,251.6,1787.8
B000002171,서울한산초등학교,공립,서울한산초통학구역,1,1,서울한산초통학구역,0,,,,88.5,74.7,79.4,89.1,73.2,78.4,86.8,96.0,666.1
B000002056,서울계상초등학교,공립,서울계상초통학구역,1,1,서울계상초통학구역,0,,,,112.7,96.6,105.5,81.4,95.7,89.4,93.7,106.0,781.0
B000002428,서울인수초등학교,공립,서울인수초통학구역,1,1,서울인수초통학구역,0,,,,84.0,83.3,71.3,69.6,54.2,54.8,60.7,50.2,528.1
B000002050,서울태릉초등학교,공립,서울태릉초통학구역,1,2,"서울태릉초통학구역, 서울태랑초서울태릉초공동통학구역",1,서울태랑초서울태릉초공동통학구역,286.1,286.1,223.0,242.7,203.4,198.9,211.2,185.7,197.5,197.3,1659.7
B000001839,서울동답초등학교,공립,서울동답초통학구역,1,1,서울동답초통학구역,0,,,,121.4,133.4,121.8,116.6,107.4,109.2,110.0,112.1,931.9
B000002042,서울덕암초등학교,공립,서울덕암초통학구역,1,1,서울덕암초통학구역,0,,,,91.0,87.8,93.4,63.3,59.2,63.6,54.8,52.9,566.0
B000001967,서울영서초등학교,공립,서울영서초통학구역,1,1,서울영서초통학구역,0,,,,86.8,93.0,77.1,73.5,95.6,93.2,91.8,132.0,743.0
B000001855,서울휘봉초등학교,공립,서울휘봉초통학구역,1,1,서울휘봉초통학구역,0,,,,106.8,96.5,94.1,82.1,94.9,107.9,104.0,122.7,809.0
B000001848,서울전동초등학교,공립,서울전동초통학구역,1,1,서울전동초통학구역,0,,,,78.5,87.2,74.6,72.1,68.2,86.5,76.5,85.3,628.9
B000002329,서울조원초등학교,공립,서울조원초통학구역,1,1,서울조원초통학구역,0,,,,31.3,42.8,35.1,42.7,46.4,49.6,74.8,98.2,420.9
B000002161,서울선린초등학교,공립,서울선린초통학구역,1,1,서울선린초통학구역,0,,,,90.8,75.2,80.4,95.9,78.9,87.4,96.2,104.1,708.9
B000002146,서울방산초등학교,공립,서울방산초통학구역,1,1,서울방산초통학구역,0,,,,114.0,103.6,75.0,75.4,71.6,60.2,61.8,83.4,645.0
B000001961,서울개봉초등학교,공립,서울개봉초통학구역,1,1,서울개봉초통학구역,0,,,,247.8,223.3,212.5,223.7,210.6,225.2,228.7,258.1,1829.9
B000002184,서울선사초등학교,공립,서울선사초통학구역,1,1,서울선사초통학구역,0,,,,81.7,85.5,75.7,73.0,72.2,65.8,88.7,94.3,636.9
B000002375,서울동자초등학교,공립,서울동자초통학구역,1,1,서울동자초통학구역,0,,,,135.9,160.3,132.6,140.4,117.0,107.2,128.1,128.6,1050.1
B000002176,서울상일초등학교,공립,서울상일초통학구역,1,1,서울상일초통학구역,0,,,,38.9,42.2,36.7,33.8,29.1,23.2,21.8,18.3,244.0
B000002085,서울재동초등학교,공립,서울재동초통학구역,1,1,서울재동초통학구역,0,,,,17.1,9.6,7.2,11.4,10.3,10.1,7.9,7.3,80.9
B000001933,서울마포초등학교,공립,서울마포초통학구역,1,1,서울마포초통학구역,0,,,,196.0,174.5,192.3,198.1,168.2,150.7,155.9,219.5,1455.2
B000002178,서울성일초등학교,공립,서울성일초통학구역,1,1,서울성일초통학구역,0,,,,165.0,156.2,150.2,148.1,154.4,145.8,161.9,186.2,1267.8
B000002362,서울용답초등학교,공립,서울용답초통학구역,1,1,서울용답초통학구역,0,,,,10.2,13.1,13.3,10.3,10.6,11.2,16.9,23.4,109.0
B000002225,서울치현초등학교,공립,서울치현초통학구역,1,1,서울치현초통학구역,0,,,,67.5,58.2,57.6,52.2,66.7,68.7,69.3,84.6,524.8
B000001941,서울중동초등학교,공립,서울중동초통학구역,1,2,"서울중동초통학구역, 서울중동초서울창서초공동통학구역",1,서울중동초서울창서초공동통학구역,904.3,904.3,72.2,64.9,54.7,55.3,54.0,51.2,67.8,76.9,497.0
B000002196,서울남명초등학교,공립,서울남명초통학구역,1,1,서울남명초통학구역,0,,,,95.5,92.8,91.3,85.1,75.8,68.8,78.8,77.8,665.9
B000002009,서울문래초등학교,공립,서울문래초통학구역,1,1,서울문래초통학구역,0,,,,146.8,138.2,130.4,134.1,127.4,130.0,138.2,149.9,1095.0
B000001838,서울휘경초등학교,공립,서울휘경초통학구역,1,1,서울휘경초통학구역,0,,,,51.9,45.1,45.5,41.6,50.9,59.0,54.4,67.8,416.2
B000002340,서울신봉초등학교,공립,서울신봉초통학구역,1,1,서울신봉초통학구역,0,,,,68.9,62.2,59.9,60.4,57.1,47.2,59.5,65.8,481.0
B000001888,서울구산초등학교,공립,서울구산초통학구역,1,1,서울구산초통학구역,0,,,,110.9,95.6,81.7,84.4,89.9,59.6,64.2,82.9,669.2
B000001955,서울고원초등학교,공립,서울고원초통학구역,1,1,서울고원초통학구역,0,,,,112.9,106.3,122.0,123.5,129.9,127.2,142.4,163.8,1028.0
B000002132,서울잠신초등학교,공립,서울잠신초통학구역,1,1,서울잠신초통학구역,0,,,,216.7,170.7,144.9,135.7,99.3,78.2,80.3,82.3,1008.1
B000002236,서울내발산초등학교,공립,서울내발산초통학구역,1,1,서울내발산초통학구역,0,,,,112.1,114.9,83.0,93.5,79.3,59.2,60.5,65.6,668.1
B000002229,서울발산초등학교,공립,서울발산초통학구역,1,1,서울발산초통학구역,0,,,,122.1,108.3,101.6,91.5,92.8,80.1,85.4,81.2,763.0
B000002125,서울평화초등학교,공립,서울평화초통학구역,1,1,서울평화초통학구역,0,,,,61.4,53.4,52.9,53.0,51.6,43.6,55.3,54.8,426.0
B000002063,서울노일초등학교,공립,서울노일초통학구역,1,1,서울노일초통학구역,0,,,,74.3,73.8,58.5,60.8,67.8,60.9,66.5,84.4,547.0
B000002206,서울양강초등학교,공립,서울양강초통학구역,1,1,서울양강초통학구역,0,,,,85.8,90.2,82.0,77.6,77.4,68.6,79.3,77.1,638.0
B000002162,서울고명초등학교,공립,서울고명초통학구역,1,1,서울고명초통학구역,0,,,,208.5,167.8,171.8,165.6,145.5,121.6,137.3,129.0,1247.1
B000002320,서울상도초등학교,공립,서울상도초통학구역,1,1,서울상도초통학구역,0,,,,174.2,171.9,181.6,145.8,140.1,135.2,151.4,175.6,1275.8
B000002252,서울우면초등학교,공립,서울우면초통학구역,1,1,서울우면초통학구역,0,,,,43.7,45.0,41.5,41.7,38.2,41.3,42.0,40.6,334.0
B000002218,서울신정초등학교,공립,서울신정초통학구역,1,1,서울신정초통학구역,0,,,,197.5,178.4,173.1,139.3,138.5,121.6,133.6,156.2,1238.2
B000002222,서울염경초등학교,공립,서울염경초통학구역,1,1,서울염경초통학구역,0,,,,155.7,149.2,142.1,139.6,128.4,150.0,164.3,176.6,1205.9
B000002269,서울서일초등학교,공립,서울서일초통학구역,1,2,"서울서일초통학구역, 서울서이초서울서일초공동통학구역",1,서울서이초서울서일초공동통학구역,449.3,449.3,131.3,131.4,113.4,124.0,121.2,96.8,98.3,100.5,916.9
B000002223,서울염창초등학교,공립,서울염창초통학구역,1,1,서울염창초통학구역,0,,,,163.6,158.4,149.9,147.6,139.6,154.4,171.4,182.2,1267.1
B000002392,서울안암초등학교,공립,서울안암초통학구역,1,1,서울안암초통학구역,0,,,,57.0,65.0,46.0,55.8,46.9,37.2,46.6,57.4,411.9
B000025375,서울위례별초등학교,공립,서울위례별초통학구역,1,1,서울위례별초통학구역,0,,,,221.4,209.9,203.9,197.8,119.4,103.6,94.2,104.8,1255.0
B000001851,서울홍파초등학교,공립,서울홍파초통학구역,1,1,서울홍파초통학구역,0,,,,50.5,47.0,53.7,42.3,53.7,42.9,47.7,53.2,391.0
B000002208,서울강월초등학교,공립,서울강월초통학구역,1,1,서울강월초통학구역,0,,,,65.0,61.1,56.2,64.2,75.4,68.7,63.4,72.1,526.1
B000001853,서울홍릉초등학교,공립,서울홍릉초통학구역,1,1,서울홍릉초통학구역,0,,,,85.9,71.8,76.9,62.5,76.5,71.8,66.5,71.0,582.9
B000001893,서울연신초등학교,공립,서울연신초통학구역,1,1,서울연신초통학구역,0,,,,26.2,20.3,24.5,22.7,16.9,19.8,22.5,24.2,177.1
B000002364,서울무학초등학교,공립,서울무학초통학구역,1,1,서울무학초통학구역,0,,,,155.4,151.2,149.8,150.9,148.1,147.9,154.1,193.6,1251.0
B000002286,서울개일초등학교,공립,서울개일초통학구역,1,1,서울개일초통학구역,0,,,,207.1,175.3,149.6,123.1,119.9,104.1,107.0,122.9,1109.0
B000002350,서울경수초등학교,공립,서울경수초통학구역,1,3,"서울경수초통학구역, 서울경동초서울경수초공동통학구역, 서울경수초서울신양초공동통학구역",2,"서울경동초서울경수초공동통학구역, 서울경수초서울신양초공동통학구역",443.4,484.3,80.6,86.0,89.4,75.6,77.9,81.1,105.7,110.7,707.0
B000001919,서울북가좌초등학교,공립,서울북가좌초통학구역,1,1,서울북가좌초통학구역,0,,,,235.1,226.1,231.8,210.9,203.1,162.7,200.5,192.9,1663.1
B000002421,서울삼각산초등학교,공립,서울미양초서울삼각산초공동통학구역,1,1,서울미양초서울삼각산초공동통학구역,0,,,,129.6,109.1,119.8,104.9,99.8,93.1,89.0,86.7,832.0
B000002247,서울등명초등학교,공립,서울등명초서울등양초서울등현초공동통학구역,1,1,서울등명초서울등양초서울등현초공동통학구역,0,,,,32.8,36.1,29.8,35.0,34.7,30.4,32.4,40.7,271.9
B000002022,서울오봉초등학교,공립,서울오봉초통학구역,1,1,서울오봉초통학구역,0,,,,31.2,30.4,32.2,27.4,25.3,22.3,22.7,23.4,214.9
B000002267,서울서초초등학교,공립,서울서초초통학구역,1,1,서울서초초통학구역,0,,,,191.1,161.5,133.1,126.0,103.6,84.9,86.1,78.5,964.8
B000002104,서울충무초등학교,공립,서울충무초통학구역,1,1,서울충무초통학구역,0,,,,11.2,14.6,15.6,16.9,17.7,18.0,27.7,24.2,145.9
B000001881,서울은빛초등학교,공립,서울진관초통학구역,2,2,"서울진관초통학구역, 서울은빛초통학구역",1,서울은빛초통학구역,318.1,318.1,78.0,77.1,68.7,66.2,54.3,49.5,44.4,40.9,479.1
B000002010,서울영신초등학교,공립,서울영신초통학구역,1,1,서울영신초통학구역,0,,,,166.8,156.3,118.7,130.3,153.7,138.3,136.1,162.8,1163.0
B000001922,서울홍연초등학교,공립,서울홍연초통학구역,1,1,서울홍연초통학구역,0,,,,77.8,70.6,69.5,58.4,54.8,51.7,58.1,58.0,498.9
B000002280,서울양전초등학교,공립,서울양전초통학구역,1,1,서울양전초통학구역,0,,,,60.1,46.4,47.7,46.3,43.9,42.0,52.8,55.8,395.0
B000002147,서울삼전초등학교,공립,서울삼전초통학구역,1,2,"서울삼전초통학구역, 서울석촌초서울송전초공동통학구역",1,서울석촌초서울송전초공동통학구역,543.4,543.4,99.4,83.6,89.2,94.7,87.3,77.0,95.8,109.0,736.0
B000002394,서울숭덕초등학교,공립,서울숭덕초통학구역,1,1,서울숭덕초통학구역,0,,,,294.0,277.9,252.7,257.6,218.0,220.1,185.8,214.7,1920.8
B000002355,서울동명초등학교,공립,서울동명초통학구역,1,1,서울동명초통학구역,0,,,,42.6,41.2,41.3,38.5,38.5,31.1,42.2,39.6,315.0
B000025289,서울송례초등학교,공립,서울송례초통학구역,1,3,"서울송례초통학구역, 서울송례초서울거원초공동통학구역, 서울송례초서울위례별초공동통학구역",2,"서울송례초서울거원초공동통학구역, 서울송례초서울위례별초공동통학구역",444.1,693.8,212.4,201.4,195.6,189.8,114.5,99.4,90.4,100.6,1204.1
B000001936,서울서강초등학교,공립,서울서강초통학구역,1,1,서울서강초통학구역,0,,,,204.3,188.0,189.7,179.6,154.6,133.2,137.7,167.0,1354.1
B000002297,서울도성초등학교,공립,서울도성초통학구역,1,1,서울도성초통학구역,0,,,,138.6,125.8,78.9,73.4,55.7,54.8,51.6,67.3,646.1
B000002177,서울강명초등학교,공립,서울강명초통학구역,1,1,서울강명초통학구역,0,,,,165.0,181.8,178.9,158.7,132.7,103.5,99.6,92.8,1113.0
B000002357,서울사근초등학교,공립,서울사근초통학구역,1,2,"서울사근초통학구역, 서울마장초서울사근초공동통학구역",1,서울마장초서울사근초공동통학구역,393.8,393.8,42.7,29.6,42.0,38.9,43.4,30.0,41.8,42.4,310.8
B000002029,서울백운초등학교,공립,서울백운초통학구역,1,1,서울백운초통학구역,0,,,,67.3,64.9,58.6,54.6,51.1,45.0,50.1,49.4,441.0
B000002393,서울동신초등학교,공립,서울동신초통학구역,1,1,서울동신초통학구역,0,,,,106.4,99.8,92.4,93.6,81.5,79.4,104.0,119.9,777.0
B000002351,서울금북초등학교,공립,서울금북초통학구역,1,1,서울금북초통학구역,0,,,,269.0,267.7,247.7,259.2,260.6,225.1,265.1,303.6,2098.0
B000001957,서울개웅초등학교,공립,서울개웅초통학구역,1,1,서울개웅초통학구역,0,,,,74.0,66.7,55.6,58.8,51.3,58.4,62.1,64.2,491.1
B000001959,서울온수초등학교,공립,서울온수초통학구역,1,1,서울온수초통학구역,0,,,,101.2,70.5,94.4,85.2,76.5,72.6,100.1,81.2,681.7
B000002126,서울중대초등학교,공립,서울중대초통학구역,1,1,서울중대초통학구역,0,,,,146.8,154.7,122.1,119.8,105.1,103.0,128.3,123.1,1002.9
B000002399,서울길음초등학교,공립,서울길음초통학구역,1,1,서울길음초통학구역,0,,,,126.5,109.8,112.9,95.9,88.4,80.8,74.6,75.2,764.1
B000001895,서울연천초등학교,공립,서울연천초통학구역,1,1,서울연천초통학구역,0,,,,30.1,23.9,28.8,24.2,25.6,23.0,25.6,28.8,210.0
B000002076,서울상경초등학교,공립,서울상경초통학구역,1,1,서울상경초통학구역,0,,,,137.1,131.8,138.0,129.9,158.2,160.3,195.9,263.9,1315.1
B000002133,서울송전초등학교,공립,서울송전초통학구역,1,2,"서울송전초통학구역, 서울삼전초서울송전초공동통학구역",1,서울삼전초서울송전초공동통학구역,366.8,366.8,161.9,130.8,124.5,122.9,103.4,89.8,99.3,116.3,948.9
B000002092,서울창신초등학교,공립,서울창신초통학구역,1,2,"서울창신초통학구역, 서울광희초서울창신초공동통학구역",1,서울광희초서울창신초공동통학구역,525.3,525.3,81.2,87.2,85.0,92.0,96.4,85.6,122.5,133.1,783.0
B000002276,서울대왕초등학교,공립,서울대왕초통학구역,1,1,서울대왕초통학구역,0,,,,39.7,39.2,33.9,28.6,27.5,29.3,29.0,33.8,261.0
B000002299,서울대청초등학교,공립,서울대청초통학구역,1,1,서울대청초통학구역,0,,,,20.9,19.1,20.8,14.5,19.3,19.9,23.6,22.0,160.1
B000002007,서울신대림초등학교,공립,서울신대림초통학구역,1,1,서울신대림초통학구역,0,,,,48.6,52.2,61.2,49.8,55.1,56.1,67.9,67.1,458.0
B000002356,서울마장초등학교,공립,서울마장초통학구역,1,1,서울마장초통학구역,0,,,,83.2,62.8,78.8,73.6,78.5,57.4,82.9,84.8,602.0
B000002322,서울문창초등학교,공립,서울문창초통학구역,1,1,서울문창초통학구역,0,,,,63.6,63.1,59.9,52.9,58.2,57.3,61.4,69.6,486.0
B000002028,서울쌍문초등학교,공립,서울쌍문초통학구역,1,1,서울쌍문초통학구역,0,,,,105.7,104.7,102.9,86.9,79.8,64.2,80.3,82.4,706.9
B000001879,서울중흥초등학교,공립,서울중흥초통학구역,1,1,서울중흥초통학구역,0,,,,78.2,68.9,69.4,67.3,74.4,68.6,69.6,89.8,586.2
B000002167,서울명덕초등학교,공립,서울명덕초통학구역,1,1,서울명덕초통학구역,0,,,,263.5,221.8,185.6,172.2,125.9,121.8,113.0,106.2,1310.0
B000002211,서울지향초등학교,공립,서울지향초통학구역,1,1,서울지향초통학구역,0,,,,84.8,87.0,83.9,83.0,76.7,70.1,75.8,77.7,639.0
B000001992,서울시흥초등학교,공립,서울시흥초통학구역,1,1,서울시흥초통학구역,0,,,,50.3,48.4,37.5,39.0,41.2,35.7,38.2,43.5,333.8
B000002217,서울우장초등학교,공립,서울우장초통학구역,1,1,서울우장초통학구역,0,,,,193.3,200.2,161.4,179.3,145.5,108.0,121.5,138.0,1247.2
B000002420,서울삼양초등학교,공립,서울삼양초통학구역,1,1,서울삼양초통학구역,0,,,,96.8,86.4,83.2,85.5,82.9,92.2,85.8,82.2,695.0
B000002238,서울백석초등학교,공립,서울백석초통학구역,1,1,서울백석초통학구역,0,,,,120.2,130.6,139.2,131.3,162.5,157.4,192.2,231.8,1265.2
B000002041,서울녹천초등학교,공립,서울녹천초통학구역,1,1,서울녹천초통학구역,0,,,,44.8,44.6,41.4,48.0,40.1,46.3,46.7,61.2,373.1
B000002429,서울우이초등학교,공립,서울우이초통학구역,1,1,서울우이초통학구역,0,,,,108.8,105.7,93.1,82.8,63.1,62.8,69.7,59.2,645.2
B000002187,서울목원초등학교,공립,서울목원초통학구역,1,1,서울목원초통학구역,0,,,,59.0,49.2,36.9,33.0,29.5,20.4,27.1,21.8,276.9
B000002258,서울반원초등학교,공립,서울반원초통학구역,1,1,서울반원초통학구역,0,,,,230.8,224.0,185.0,175.7,164.6,151.9,151.8,138.2,1422.0
B000002244,서울월정초등학교,공립,서울월정초통학구역,1,1,서울월정초통학구역,0,,,,110.6,112.1,95.2,82.4,89.9,76.5,88.8,111.6,767.1
B000002034,서울창원초등학교,공립,서울창원초통학구역,1,1,서울창원초통학구역,0,,,,67.4,63.1,45.8,57.9,47.2,45.6,52.1,59.8,438.9
B000001916,서울북성초등학교,공립,서울북성초통학구역,1,1,서울북성초통학구역,0,,,,237.6,199.1,208.6,219.3,227.1,194.2,210.0,233.0,1728.9
B000001938,서울서교초등학교,공립,서울서교초통학구역,1,1,서울서교초통학구역,0,,,,45.0,43.3,40.2,38.9,32.6,30.2,35.4,37.4,303.0
B000002349,서울경동초등학교,공립,서울경동초통학구역,1,1,서울경동초통학구역,0,,,,94.4,80.4,85.5,94.2,95.7,93.5,113.6,127.6,784.9
B000001969,서울구로초등학교,공립,서울구로초통학구역,1,1,서울구로초통학구역,0,,,,19.1,21.4,24.7,22.5,23.7,21.8,24.9,24.8,182.9
B000002191,서울계남초등학교,공립,서울계남초통학구역,1,1,서울계남초통학구역,0,,,,130.8,113.7,106.1,90.8,69.3,65.3,74.0,68.1,718.1
B000001956,서울고산초등학교,공립,서울고산초통학구역,1,1,서울고산초통학구역,0,,,,51.5,48.0,45.8,45.2,46.8,49.2,58.0,67.6,412.1
B000002111,서울후암초등학교,공립,서울후암초통학구역,1,1,서울후암초통학구역,0,,,,36.1,38.9,33.5,33.7,36.5,32.3,24.5,40.7,276.2
B000001846,서울안평초등학교,공립,서울안평초통학구역,1,1,서울안평초통학구역,0,,,,196.9,198.6,189.4,181.5,160.7,150.5,153.4,138.8,1369.8
B000002062,서울노원초등학교,공립,서울노원초통학구역,1,1,서울노원초통학구역,0,,,,33.4,32.6,25.7,26.2,28.6,25.0,26.1,33.3,230.9
B000002216,서울화일초등학교,공립,서울화일초통학구역,2,1,서울화일초통학구역,0,,,,78.1,77.7,67.0,62.0,52.9,45.1,56.5,73.6,512.9
B000002054,서울신상계초등학교,공립,서울신상계초통학구역,1,1,서울신상계초통학구역,0,,,,79.3,74.1,82.1,56.2,55.0,59.0,51.2,52.2,509.1
B000001934,서울동교초등학교,공립,서울동교초통학구역,1,1,서울동교초통학구역,0,,,,85.4,80.6,68.6,71.6,68.4,66.4,74.6,85.6,601.2
B000001877,서울봉화초등학교,공립,서울봉화초통학구역,1,1,서울봉화초통학구역,0,,,,69.6,66.3,52.5,53.5,55.9,55.5,63.8,71.0,488.1
B000002405,서울장위초등학교,공립,서울장위초통학구역,1,1,서울장위초통학구역,0,,,,92.9,89.0,90.1,86.5,93.1,85.1,114.5,113.9,765.1
B000002348,서울동호초등학교,공립,서울동호초통학구역,1,2,"서울동호초통학구역, 서울금옥초서울동호초공동통학구역",1,서울금옥초서울동호초공동통학구역,466.8,466.8,146.6,143.2,144.0,150.4,151.5,138.6,158.3,175.5,1208.1
B000002100,서울장충초등학교,공립,서울장충초통학구역,1,1,서울장충초통학구역,0,,,,38.6,36.3,34.0,32.4,29.8,30.5,28.2,41.2,271.0
B000002250,서울수명초등학교,공립,서울수명초통학구역,1,1,서울수명초통학구역,0,,,,118.1,94.0,85.0,93.5,83.6,72.8,83.1,69.0,699.1
B000002317,서울영본초등학교,공립,서울영본초통학구역,1,1,서울영본초통학구역,0,,,,127.5,118.0,109.8,135.7,107.2,114.2,131.2,150.4,994.0
B000002164,서울강일초등학교,공립,서울강일초통학구역,1,2,"서울강일초통학구역, 서울강솔초서울강일초공동통학구역",1,서울강솔초서울강일초공동통학구역,120.3,120.3,98.4,107.9,109.3,87.3,78.1,67.4,59.6,54.1,662.1
B000002296,서울압구정초등학교,공립,서울압구정초통학구역,1,1,서울압구정초통학구역,0,,,,102.6,94.1,87.5,82.3,72.1,61.3,66.9,60.2,627.0
B000002148,서울석촌초등학교,공립,서울석촌초통학구역,1,1,서울석촌초통학구역,0,,,,87.8,88.5,72.3,86.7,95.8,69.4,91.1,102.6,694.2
B000002379,서울양남초등학교,공립,서울양남초통학구역,1,1,서울양남초통학구역,0,,,,55.2,52.4,48.8,53.0,50.3,51.5,56.3,61.4,428.9
B000002048,서울연촌초등학교,공립,서울연촌초통학구역,1,1,서울연촌초통학구역,0,,,,64.3,71.4,51.0,56.4,51.7,52.8,45.0,60.3,452.9
B000002156,서울풍성초등학교,공립,서울풍성초통학구역,1,2,"서울풍성초통학구역, 서울토성초서울풍성초공동통학구역",1,서울토성초서울풍성초공동통학구역,350.6,350.6,100.0,116.8,90.2,98.9,85.5,84.4,100.3,108.9,785.0
B000002130,서울문현초등학교,공립,서울문현초등통학구역,1,1,서울문현초등통학구역,0,,,,82.7,86.3,91.6,96.9,98.6,81.3,109.3,118.3,765.0
B000002423,서울송중초등학교,공립,서울송중초통학구역,1,1,서울송중초통학구역,0,,,,91.0,75.3,77.1,78.0,65.0,83.3,87.2,69.9,626.8
B000001962,서울고척초등학교,공립,서울고척초통학구역,1,1,서울고척초통학구역,0,,,,251.9,236.7,240.5,247.8,258.6,265.5,296.4,350.8,2148.2
B000002153,서울잠전초등학교,공립,서울잠전초통학구역,1,1,서울잠전초통학구역,0,,,,110.1,119.7,98.6,91.8,97.0,77.0,87.8,114.0,796.0
B000002112,서울이태원초등학교,공립,서울이태원초통학구역,1,1,서울이태원초통학구역,0,,,,16.5,22.0,10.6,19.0,17.2,14.7,20.3,18.8,139.1
B000001914,서울홍은초등학교,공립,서울홍은초통학구역,1,1,서울홍은초통학구역,0,,,,35.6,34.1,29.6,37.6,32.7,34.3,35.5,34.6,274.0
B000002136,서울잠현초등학교,공립,서울잠현초통학구역,1,1,서울잠현초통학구역,0,,,,129.0,131.0,109.6,91.9,86.8,74.1,76.2,59.4,758.0
B000002232,서울탑산초등학교,공립,서울탑산초통학구역,1,1,서울탑산초통학구역,0,,,,82.6,86.3,78.2,88.7,86.8,92.8,96.9,117.7,730.0
B000001975,서울오류남초등학교,공립,서울오류남초통학구역,1,1,서울오류남초통학구역,0,,,,93.8,78.6,69.8,75.3,66.5,64.7,73.6,70.7,593.0
B000002363,서울응봉초등학교,공립,서울응봉초통학구역,1,1,서울응봉초통학구역,0,,,,156.2,144.4,137.8,152.1,136.8,111.8,133.6,161.4,1134.1
B000001939,서울성원초등학교,공립,서울성원초통학구역,1,1,서울성원초통학구역,0,,,,73.8,70.0,57.4,54.6,62.3,58.7,73.3,96.8,546.9
B000002311,서울삼일초등학교,공립,서울삼일초통학구역,1,2,"서울삼일초통학구역, 서울삼일초서울남성초공동통학구역",1,서울삼일초서울남성초공동통학구역,284.7,284.7,323.3,307.4,278.4,246.6,241.6,232.3,259.1,284.5,2173.2
B000002230,서울양천초등학교,공립,서울양천초통학구역,1,1,서울양천초통학구역,0,,,,59.2,69.6,67.4,64.0,76.7,71.9,77.5,89.6,575.9
B000001940,서울성서초등학교,공립,서울성서초통학구역,1,1,서울성서초통학구역,0,,,,71.0,62.4,56.8,63.4,52.1,54.4,60.4,64.3,484.8
B000001878,서울묵동초등학교,공립,서울묵동초통학구역,1,1,서울묵동초통학구역,0,,,,71.4,64.4,57.1,58.5,66.7,57.4,57.6,72.1,505.2
B000001906,서울대은초등학교,공립,서울대은초통학구역,1,1,서울대은초통학구역,0,,,,53.6,50.9,49.4,44.3,48.4,49.8,59.6,77.8,433.8
B000001972,서울신도림초등학교,공립,서울신도림초통학구역,1,1,서울신도림초통학구역,0,,,,121.6,133.3,112.6,107.7,110.8,100.0,109.9,120.3,916.2
B000002272,서울우암초등학교,공립,서울우암초통학구역,1,1,서울우암초통학구역,0,,,,36.4,37.4,34.6,34.7,31.8,34.4,35.0,33.8,278.1
B000002044,서울상원초등학교,공립,서울상원초통학구역,1,1,서울상원초통학구역,0,,,,133.0,118.9,126.3,112.2,128.5,125.5,137.0,186.6,1068.0
B000002192,서울은정초등학교,공립,서울은정초통학구역,1,1,서울은정초통학구역,0,,,,110.8,97.5,93.4,80.0,63.5,61.6,72.0,67.1,645.9
B000001917,서울연가초등학교,공립,서울연가초통학구역,1,1,서울연가초통학구역,0,,,,265.6,296.8,241.8,243.0,230.9,206.2,219.2,209.4,1912.9
B000002295,서울신구초등학교,공립,서울신구초통학구역,1,1,서울신구초통학구역,0,,,,69.7,65.0,60.1,55.3,43.5,42.1,53.0,51.4,440.1
B000002057,서울상곡초등학교,공립,서울상곡초통학구역,1,1,서울상곡초통학구역,0,,,,101.8,94.0,90.4,91.9,99.5,101.4,98.4,113.6,791.0
B000001954,서울미래초등학교,공립,서울미래초통학구역,1,1,서울미래초통학구역,0,,,,126.3,145.9,118.2,125.5,128.3,129.2,147.9,149.7,1071.0
B000001971,서울신미림초등학교,공립,서울신미림초통학구역,1,1,서울신미림초통학구역,0,,,,135.8,150.5,130.9,126.6,131.1,120.9,134.5,143.7,1074.0
B000002338,서울인헌초등학교,공립,서울인헌초통학구역,1,1,서울인헌초통학구역,0,,,,86.1,83.9,87.8,74.0,65.8,76.0,80.8,97.5,651.9
B000002014,서울대길초등학교,공립,서울대길초통학구역,1,1,서울대길초통학구역,0,,,,134.5,125.6,127.4,136.9,133.2,139.0,157.8,180.4,1134.8
B000001887,서울구현초등학교,공립,서울구현초통학구역,1,1,서울구현초통학구역,0,,,,67.6,71.4,60.4,64.0,62.6,47.0,51.9,64.1,489.0
B000022763,서울공항초등학교,공립,서울공항초통학구역,1,1,서울공항초통학구역,0,,,,149.1,159.0,143.0,134.6,121.0,118.2,109.5,105.5,1039.9
B000002137,서울신가초등학교,공립,서울신가초통학구역,1,1,서울신가초통학구역,0,,,,139.5,125.1,116.2,135.3,116.9,114.9,159.1,138.0,1045.0
B000001942,서울신석초등학교,공립,서울신석초통학구역,1,1,서울신석초통학구역,0,,,,150.8,137.8,120.0,134.6,104.3,93.4,108.3,115.9,965.1
B000002245,서울신월초등학교,공립,서울신월초통학구역,1,1,서울신월초통학구역,0,,,,171.2,172.2,142.3,127.7,129.7,109.2,124.8,150.0,1127.1
B000001945,서울한서초등학교,공립,서울한서초통학구역,1,1,서울한서초통학구역,0,,,,263.6,227.0,215.7,211.9,210.8,192.2,197.6,230.0,1748.8
B000002103,서울청구초등학교,공립,서울청구초통학구역,1,1,서울청구초통학구역,0,,,,138.0,121.2,121.5,145.4,131.8,119.4,153.6,186.0,1116.9
B000002214,서울월촌초등학교,공립,서울월촌초통학구역,1,1,서울월촌초통학구역,0,,,,115.0,96.2,71.4,62.0,53.9,35.4,46.5,36.5,516.9
B000002282,서울언주초등학교,공립,서울언주초통학구역,1,1,서울언주초통학구역,0,,,,191.7,177.4,143.1,142.3,132.7,85.7,98.0,116.2,1087.1
B000001977,서울문교초등학교,공립,서울문교초통학구역,1,1,서울문교초통학구역,0,,,,47.2,44.9,37.4,35.7,33.9,32.9,24.6,32.4,289.0
B000002118,서울금양초등학교,공립,서울금양초통학구역,1,1,서울금양초통학구역,0,,,,161.2,165.4,159.7,171.2,146.8,155.8,170.0,203.1,1333.2
B000001844,서울군자초등학교,공립,서울군자초통학구역,1,1,서울군자초통학구역,0,,,,65.6,76.0,71.1,69.6,63.3,62.8,67.8,73.7,549.9
B000002139,서울가동초등학교,공립,서울가동초통학구역,1,1,서울가동초통학구역,0,,,,105.9,96.4,92.2,85.9,83.8,67.5,70.5,74.6,676.8
B000001924,서울인왕초등학교,공립,서울인왕초통학구역,1,1,서울인왕초통학구역,0,,,,118.7,109.7,98.6,117.2,101.7,126.3,121.6,128.2,922.0
B000002017,서울초당초등학교,공립,서울초당초통학구역,1,1,서울초당초통학구역,0,,,,91.8,72.6,58.8,56.7,53.5,45.3,46.3,48.9,473.9
B000002409,서울청덕초등학교,공립,서울청덕초통학구역,1,1,서울청덕초통학구역,0,,,,53.9,41.3,50.5,46.8,56.3,48.6,41.6,61.1,400.1
B000002114,서울용암초등학교,공립,서울용암초통학구역,1,1,서울용암초통학구역,0,,,,12.1,14.1,7.5,13.9,11.1,10.3,12.0,14.0,95.0
B000002381,서울중광초등학교,공립,서울중광초통학구역,1,1,서울중광초통학구역,0,,,,47.1,40.8,50.6,44.2,43.8,44.1,41.6,55.9,368.1
B000002292,서울대현초등학교,공립,서울대현초통학구역,1,1,서울대현초통학구역,0,,,,137.3,115.2,95.5,77.3,72.0,47.1,55.8,43.7,643.9
B000001859,서울면목초등학교,공립,서울면목초통학구역,1,1,서울면목초통학구역,0,,,,137.7,132.7,122.2,125.6,129.3,135.6,160.7,193.2,1137.0
B000002374,서울자양초등학교,공립,서울자양초통학구역,1,1,서울자양초통학구역,0,,,,61.9,70.2,62.2,57.4,58.7,58.6,68.1,82.0,519.1
B000002037,서울신화초등학교,공립,서울신화초통학구역,1,1,서울신화초통학구역,0,,,,53.2,52.9,42.4,42.6,44.9,42.4,37.9,46.7,363.0
B000002186,서울신은초등학교,공립,서울신은초통학구역,1,1,서울신은초통학구역,0,,,,61.1,59.7,59.5,57.0,52.1,48.0,53.7,54.9,446.0
B000002093,서울효제초등학교,공립,서울효제초통학구역,1,1,서울효제초통학구역,0,,,,20.6,19.8,20.8,11.4,17.8,13.6,21.0,16.8,141.8
B000002154,서울풍납초등학교,공립,서울풍납초통학구역,1,1,서울풍납초통학구역,0,,,,58.6,45.2,54.4,64.4,59.0,60.2,66.6,61.7,470.1
B000002096,서울남산초등학교,공립,서울남산초통학구역,1,1,서울남산초통학구역,0,,,,33.5,37.1,42.0,49.3,64.4,35.2,50.6,61.0,373.1
B000002152,서울개롱초등학교,공립,서울개롱초통학구역,1,1,서울개롱초통학구역,0,,,,114.7,100.9,93.5,94.6,96.5,80.7,80.0,92.9,753.8
B000002045,서울불암초등학교,공립,서울불암초통학구역,1,1,서울불암초통학구역,0,,,,74.4,63.9,47.8,31.9,31.9,22.9,29.4,21.0,323.2
B000002248,서울등현초등학교,공립,서울등현초통학구역,1,1,서울등현초통학구역,0,,,,50.8,56.0,46.7,54.8,54.8,48.3,51.6,65.0,428.0
B000002360,서울송원초등학교,공립,서울송원초통학구역,1,1,서울송원초통학구역,0,,,,35.4,36.3,37.3,38.4,28.1,26.6,26.8,34.1,263.0
B000002407,서울정수초등학교,공립,서울정수초통학구역,1,1,서울정수초통학구역,0,,,,95.1,77.9,88.6,77.5,78.9,76.2,63.7,71.2,629.1
B000002259,서울매헌초등학교,공립,서울매헌초통학구역,1,1,서울매헌초통학구역,0,,,,72.2,72.5,73.8,74.0,76.8,64.0,71.7,90.2,595.2
B000002199,서울강신초등학교,공립,서울강신초통학구역,1,1,서울강신초통학구역,0,,,,93.2,92.1,86.6,68.8,69.7,63.3,64.1,69.2,607.0
B000002108,서울용산초등학교,공립,서울용산초통학구역,1,1,서울용산초통학구역,0,,,,127.1,141.4,142.6,139.3,156.8,151.7,169.2,188.8,1216.9
B000002241,서울방화초등학교,공립,서울방화초통학구역,1,1,서울방화초통학구역,0,,,,65.6,48.5,72.7,63.4,58.9,61.1,74.8,75.9,520.9
B000002279,서울대진초등학교,공립,서울대진초통학구역,1,1,서울대진초통학구역,0,,,,68.9,61.1,54.0,44.9,45.5,48.6,54.4,80.7,458.1
B000002240,서울개화초등학교,공립,서울개화초통학구역,1,1,서울개화초통학구역,0,,,,40.3,33.3,40.5,37.0,37.3,38.3,42.3,44.9,313.9
B000002308,서울본동초등학교,공립,서울본동초통학구역,1,1,서울본동초통학구역,0,,,,49.2,44.3,41.1,52.1,40.8,45.3,51.5,57.7,382.0
B000002123,서울방이초등학교,공립,서울방이초통학구역,1,1,서울방이초통학구역,0,,,,103.3,109.9,97.4,89.1,90.4,79.6,86.5,140.7,796.9
B000002424,서울화계초등학교,공립,서울화계초통학구역,1,1,서울화계초통학구역,0,,,,63.1,46.6,49.7,50.1,41.2,45.0,47.4,42.6,385.7
B000001963,서울덕의초등학교,공립,서울덕의초통학구역,1,1,서울덕의초통학구역,0,,,,135.0,138.6,113.9,130.4,112.1,113.9,112.5,134.6,991.0
B000002226,서울삼정초등학교,공립,서울삼정초통학구역,1,1,서울삼정초통학구역,0,,,,45.8,36.4,38.3,31.9,46.7,48.6,51.2,66.0,364.9
B000002265,서울방배초등학교,공립,서울방배초통학구역,1,1,서울방배초통학구역,0,,,,120.9,106.5,93.3,92.1,88.1,73.1,80.0,86.2,740.2
B000024069,서울개포초등학교,공립,서울개포초통학구역,1,1,서울개포초통학구역,0,,,,119.5,91.3,96.0,94.5,89.8,88.1,111.0,118.9,809.1
B000001947,서울신북초등학교,공립,서울신북초통학구역,1,1,서울신북초통학구역,0,,,,73.0,68.9,56.9,55.1,62.4,57.0,72.1,93.7,539.1
B000002190,서울목운초등학교,공립,서울목운초통학구역,1,1,서울목운초통학구역,0,,,,186.9,144.2,103.4,75.9,73.2,50.1,45.4,41.9,721.0
B000001932,서울용강초등학교,공립,서울용강초통학구역,1,1,서울용강초통학구역,0,,,,171.1,140.2,131.2,129.4,128.8,115.9,117.4,141.1,1075.1
B000001884,서울진관초등학교,공립,서울진관초통학구역,2,1,서울진관초통학구역,0,,,,30.6,30.2,27.0,26.0,21.3,19.4,17.4,16.0,187.9
B000002358,서울경일초등학교,공립,서울경일초통학구역,1,2,"서울경일초통학구역, 서울경동초서울경일초공동통학구역",1,서울경동초서울경일초공동통학구역,190.4,190.4,62.4,53.2,54.4,60.1,63.0,59.2,63.9,81.9,498.1
B000002430,서울유현초등학교,공립,서울유현초통학구역,1,1,서울유현초통학구역,0,,,,44.7,36.9,36.6,27.7,31.3,26.9,25.8,32.2,262.1
B000002411,서울숭례초등학교,공립,서울숭례초통학구역,1,1,서울숭례초통학구역,0,,,,108.8,99.2,98.1,89.6,83.7,75.3,86.3,83.0,724.0
B000002367,서울양진초등학교,공립,서울양진초통학구역,1,2,"서울양진초통학구역, 서울광장초서울양진초공동통학구역",1,서울광장초서울양진초공동통학구역,324.3,324.3,185.3,173.0,121.5,108.5,96.9,79.8,81.0,84.1,930.1
B000001920,서울연희초등학교,공립,서울연희초통학구역,1,1,서울연희초통학구역,0,,,,77.3,77.3,71.2,60.3,53.4,55.4,57.1,61.1,513.1
B000002021,서울누원초등학교,공립,서울누원초통학구역,1,1,서울누원초통학구역,0,,,,115.1,105.8,102.2,92.0,100.2,93.6,97.0,94.2,800.1
B000002120,서울남정초등학교,공립,서울남정초통학구역,1,1,서울남정초통학구역,0,,,,85.3,93.8,90.7,88.4,100.6,90.2,106.4,126.6,782.0
B000002215,서울영도초등학교,공립,서울영도초통학구역,1,1,서울영도초통학구역,0,,,,126.7,108.7,79.5,64.0,57.5,38.7,43.1,37.9,556.1
B000025001,서울율현초등학교,공립,서울율현초통학구역,1,2,"서울율현초통학구역, 서울율현초서울자곡초공동통학구역",1,서울율현초서울자곡초공동통학구역,374.9,374.9,182.4,180.4,155.9,131.3,126.4,134.8,133.3,155.4,1199.9
B000001852,서울종암초등학교,공립,서울종암초통학구역,1,1,서울종암초통학구역,0,,,,66.6,69.3,71.4,58.5,65.4,53.7,65.2,76.8,526.9
B000002402,서울석계초등학교,공립,서울석계초통학구역,1,2,"서울석계초통학구역, 서울석계초서울석관초공동통학구역",1,서울석계초서울석관초공동통학구역,440.0,440.0,97.5,89.3,83.9,88.3,90.6,82.3,102.8,107.1,741.8
B000002026,서울창도초등학교,공립,서울창도초통학구역,1,1,서울창도초통학구역,0,,,,105.4,104.7,81.3,87.7,84.5,78.7,68.9,76.7,687.9
B000002207,서울신남초등학교,공립,서울신남초통학구역,1,1,서울신남초통학구역,0,,,,195.1,231.0,192.4,206.9,200.9,179.9,177.8,176.9,1560.9
B000002169,서울길동초등학교,공립,서울길동초통학구역,1,1,서울길동초통학구역,0,,,,75.1,73.0,64.1,79.2,77.3,72.9,88.6,85.6,615.8
B000002198,서울갈산초등학교,공립,서울갈산초통학구역,1,1,서울갈산초통학구역,0,,,,195.9,178.1,137.8,122.2,86.2,83.2,85.4,87.3,976.1
B000002318,서울남성초등학교,공립,서울남성초통학구역,1,1,서울남성초통학구역,0,,,,89.4,80.9,79.3,72.1,64.8,58.2,63.2,68.1,576.0
B000001905,서울증산초등학교,공립,서울증산초통학구역,1,1,서울증산초통학구역,0,,,,129.8,131.6,125.8,127.4,121.8,93.4,127.4,148.0,1005.2
B000002304,서울포이초등학교,공립,서울포이초통학구역,1,1,서울포이초통학구역,0,,,,101.2,105.5,87.3,94.2,89.2,95.1,79.9,107.7,760.1
B000002376,서울신양초등학교,공립,서울신양초통학구역,1,2,"서울신양초통학구역, 서울동자초서울신양초공동통학구역",1,서울동자초서울신양초공동통학구역,323.3,323.3,86.4,101.2,85.4,89.5,73.4,69.3,85.0,82.8,673.0
B000001970,서울구일초등학교,공립,서울구일초통학구역,1,1,서울구일초통학구역,0,,,,123.8,132.5,115.7,109.9,133.6,118.6,124.7,158.1,1016.9
B000002334,서울청룡초등학교,공립,서울청룡초통학구역,1,1,서울청룡초통학구역,0,,,,44.1,42.6,38.6,45.7,47.8,50.6,55.8,60.8,386.0
B000002312,서울행림초등학교,공립,서울행림초통학구역,1,1,서울행림초통학구역,0,,,,58.7,46.3,53.2,49.4,47.0,51.8,54.5,63.0,423.9
B000002049,서울태랑초등학교,공립,서울태랑초통학구역,1,1,서울태랑초통학구역,0,,,,30.9,34.0,28.3,28.0,29.6,26.1,27.7,27.4,232.0
B000002268,서울서이초등학교,공립,서울서이초통학구역,1,1,서울서이초통학구역,0,,,,190.8,167.2,132.3,157.2,164.1,133.9,132.9,124.5,1202.9
B000002373,서울장안초등학교,공립,서울장안초통학구역,1,1,서울장안초통학구역,0,,,,60.5,67.7,52.7,49.4,52.1,45.3,43.0,51.3,422.0
B000002227,서울정곡초등학교,공립,서울정곡초통학구역,1,1,서울정곡초통학구역,0,,,,47.8,41.3,41.3,36.9,48.3,49.5,50.6,62.3,378.0
B000002293,서울삼릉초등학교,공립,서울삼릉초통학구역,1,1,서울삼릉초통학구역,0,,,,99.8,89.1,80.1,85.4,65.8,67.7,66.6,71.5,626.0
B000002036,서울신창초등학교,공립,서울신창초통학구역,1,1,서울신창초통학구역,0,,,,45.4,47.5,32.1,42.1,38.2,34.4,31.3,39.9,310.9
B000001874,서울신현초등학교,공립,서울신현초통학구역,1,1,서울신현초통학구역,0,,,,101.1,93.3,87.0,86.9,78.6,88.8,84.8,90.3,710.8
B000001861,서울동원초등학교,공립,서울동원초통학구역,1,1,서울동원초통학구역,0,,,,66.8,65.4,52.9,58.0,58.6,60.9,59.8,54.6,477.0
B000001996,서울영중초등학교,공립,서울영중초통학구역,1,2,"서울영중초통학구역, 서울당서초서울영동초공동통학구역",1,서울당서초서울영동초공동통학구역,414.5,414.5,163.2,167.5,164.3,171.0,186.3,174.1,190.0,233.6,1450.0
B000002310,서울동작초등학교,공립,서울동작초통학구역,1,1,서울동작초통학구역,0,,,,132.9,133.9,106.5,90.5,101.4,106.1,123.6,138.2,933.1
B000002109,서울원효초등학교,공립,서울원효초통학구역,1,1,서울원효초통학구역,0,,,,138.4,132.5,144.7,136.7,125.6,120.3,124.5,164.4,1087.1
B000002395,서울길원초등학교,공립,서울길원초통학구역,1,1,서울길원초통학구역,0,,,,208.7,193.6,186.9,166.3,148.1,145.4,123.6,138.5,1311.1
B000001863,서울망우초등학교,공립,서울망우초통학구역,1,1,서울망우초통학구역,0,,,,62.6,62.5,47.2,53.2,56.2,56.9,57.6,53.8,450.0
B000002263,서울이수초등학교,공립,서울이수초통학구역,1,1,서울이수초통학구역,0,,,,78.4,52.6,74.8,71.7,65.6,57.6,61.0,70.3,532.0
B000001930,서울공덕초등학교,공립,서울공덕초통학구역,1,1,서울공덕초통학구역,0,,,,232.5,225.0,217.5,228.4,203.1,196.4,212.8,239.3,1755.0
B000002315,서울신길초등학교,공립,서울신길초통학구역,1,1,서울신길초통학구역,0,,,,113.2,106.9,82.6,89.2,86.6,75.5,82.7,107.3,744.0
B000002053,서울공릉초등학교,공립,서울공릉초통학구역,1,3,"서울공릉초통학구역, 서울묵현초서울원묵초공동통학구역, 서울원묵초서울공릉초공동통학구역",2,"서울묵현초서울원묵초공동통학구역, 서울원묵초서울공릉초공동통학구역",425.9,503.5,95.2,91.0,75.2,70.6,77.1,64.9,68.6,78.3,620.9
B000002150,서울오금초등학교,공립,서울오금초통학구역,1,1,서울오금초통학구역,0,,,,125.9,104.5,92.7,99.9,99.5,84.7,85.4,101.5,794.1
B000002087,서울혜화초등학교,공립,서울혜화초통학구역,1,1,서울혜화초통학구역,0,,,,30.3,36.3,32.8,26.4,28.9,28.4,28.2,27.5,238.8
B000002323,서울흑석초등학교,공립,서울흑석초통학구역,1,1,서울흑석초통학구역,0,,,,73.2,73.0,63.4,57.9,56.4,65.4,52.4,64.2,505.9
B000002283,서울대치초등학교,공립,서울대치초통학구역,1,1,서울대치초통학구역,0,,,,149.7,103.0,83.5,64.8,38.3,32.1,30.4,26.1,527.9
B000002290,서울학동초등학교,공립,서울학동초통학구역,1,1,서울학동초통학구역,0,,,,55.8,46.5,53.5,48.5,49.2,45.2,52.3,62.8,413.8
B000001897,서울수색초등학교,공립,서울수색초통학구역,1,1,서울수색초통학구역,0,,,,143.5,155.8,144.2,133.9,142.4,123.1,165.9,183.2,1192.0
B000001994,서울여의도초등학교,공립,서울여의도초통학구역,1,1,서울여의도초통학구역,0,,,,147.6,134.8,124.3,124.3,119.1,117.4,106.3,127.2,1001.0
B000002055,서울상계초등학교,공립,서울상계초통학구역,1,1,서울상계초통학구역,0,,,,112.9,79.4,91.2,92.1,87.6,92.8,95.6,100.4,752.0
B000001958,서울개명초등학교,공립,서울개명초통학구역,1,1,서울개명초통학구역,0,,,,38.4,38.4,28.4,28.4,22.5,27.9,37.9,31.0,252.9
B000002144,서울오륜초등학교,공립,서울오륜초통학구역,1,1,서울오륜초통학구역,0,,,,74.5,61.0,48.6,45.9,41.1,30.6,30.8,35.5,368.0
B000002205,서울신강초등학교,공립,서울신강초통학구역,1,1,서울신강초통학구역,0,,,,77.7,80.8,68.2,63.1,69.2,58.4,63.1,74.4,554.9
B000001982,서울가산초등학교,공립,서울가산초통학구역,1,1,서울가산초통학구역,0,,,,37.7,46.8,49.5,48.1,50.8,57.8,58.8,85.5,435.0
B000001883,서울은진초등학교,공립,서울은진초통학구역,1,1,서울은진초통학구역,0,,,,98.3,97.2,86.7,83.5,68.5,62.3,56.0,51.6,604.1
B000001990,서울금산초등학교,공립,서울금산초통학구역,1,1,서울금산초통학구역,0,,,,20.4,25.8,11.9,12.7,22.0,14.2,13.7,18.4,139.1
B000002070,서울을지초등학교,공립,서울을지초통학구역,1,2,"서울을지초통학구역, 서울수암초서울을지초공동통학구역",1,서울수암초서울을지초공동통학구역,534.4,534.4,119.8,88.6,69.6,59.9,47.7,36.8,27.2,28.5,478.1
B000002370,서울동의초등학교,공립,서울동의초통학구역,1,1,서울동의초통학구역,0,,,,91.8,75.6,81.1,75.6,64.4,55.5,71.0,77.2,592.2
B000001870,서울원묵초등학교,공립,서울원묵초통학구역,1,1,서울원묵초통학구역,0,,,,87.0,83.4,52.7,62.9,63.5,59.2,54.5,62.6,525.8
B000001952,서울천왕초등학교,공립,서울천왕초통학구역,1,1,서울천왕초통학구역,0,,,,26.5,22.0,19.3,21.1,18.0,17.3,19.9,17.8,161.9
B000024206,서울고현초등학교,공립,서울고현초통학구역,1,1,서울고현초통학구역,0,,,,252.0,259.4,213.8,196.0,175.1,148.0,142.1,122.6,1509.0
B000002400,서울미아초등학교,공립,서울미아초통학구역,1,1,서울미아초통학구역,0,,,,267.7,239.6,199.4,193.7,165.3,170.5,158.7,148.1,1543.0
B000002326,서울남부초등학교,공립,서울남부초통학구역,1,1,서울남부초통학구역,0,,,,37.4,33.8,31.5,28.3,27.4,23.1,29.7,30.8,242.0
B000002419,서울오현초등학교,공립,서울오현초통학구역,1,1,서울오현초통학구역,0,,,,82.0,65.6,68.8,59.8,57.8,68.6,66.6,69.9,539.1
B000002143,서울마천초등학교,공립,서울마천초통학구역,1,1,서울마천초통학구역,0,,,,109.0,116.5,92.9,77.1,92.3,87.2,86.9,91.2,753.1
B000002346,서울신성초등학교,공립,서울신성초통학구역,1,1,서울신성초통학구역,0,,,,73.6,65.4,59.2,65.2,54.8,60.0,71.0,80.8,530.0
B000002008,서울영림초등학교,공립,서울영림초통학구역,1,1,서울영림초통학구역,0,,,,33.2,42.1,35.8,38.0,35.2,33.3,39.8,58.6,316.0
B000002233,서울가양초등학교,공립,서울가양초통학구역,1,1,서울가양초통학구역,0,,,,64.4,60.9,79.8,84.2,92.3,119.2,141.3,179.0,821.1
B000002309,서울은로초등학교,공립,서울은로초통학구역,1,1,서울은로초통학구역,0,,,,147.0,145.3,125.6,116.0,112.7,130.0,105.2,127.2,1009.0
B000002066,서울연지초등학교,공립,서울연지초통학구역,1,1,서울연지초통학구역,0,,,,71.5,67.4,68.5,65.1,60.8,66.1,63.8,70.9,534.1
B000001985,서울독산초등학교,공립,서울독산초통학구역,1,1,서울독산초통학구역,0,,,,109.6,98.8,89.5,86.2,81.2,85.0,68.6,90.2,709.1
B000002294,서울왕북초등학교,공립,서울왕북초통학구역,1,1,서울왕북초통학구역,0,,,,102.7,117.9,68.5,85.7,51.7,53.9,51.1,63.6,595.1
B000001976,서울두산초등학교,공립,서울두산초통학구역,1,1,서울두산초통학구역,0,,,,119.0,109.5,128.2,131.6,135.1,137.4,141.0,176.3,1078.1
B000002285,서울대도초등학교,공립,서울대도초통학구역,1,2,"서울대도초통학구역, 서울대도초서울도곡초공동통학구역",1,서울대도초서울도곡초공동통학구역,317.0,317.0,297.1,227.0,186.6,145.7,116.8,94.6,88.1,106.2,1262.1
B000002158,서울버들초등학교,공립,서울버들초통학구역,1,1,서울버들초통학구역,0,,,,149.3,124.0,107.6,101.2,83.3,68.9,70.8,85.0,790.1
B000002319,서울남사초등학교,공립,서울남사초통학구역,1,1,서울남사초통학구역,0,,,,79.0,68.6,78.5,67.1,62.1,88.1,68.7,101.0,613.1
B000002110,서울청파초등학교,공립,서울청파초통학구역,1,1,서울청파초통학구역,0,,,,100.1,88.8,78.7,96.7,81.2,85.5,93.9,102.3,727.2
B000002003,서울선유초등학교,공립,서울선유초통학구역,1,1,서울선유초통학구역,0,,,,50.7,58.1,56.4,51.5,57.7,63.8,66.4,88.4,493.0
B000001999,서울도림초등학교,공립,서울도림초통학구역,1,2,"서울도림초통학구역, 서울대영초서울우신초공동통학구역",1,서울대영초서울우신초공동통학구역,548.6,548.6,87.5,71.6,60.8,71.3,85.0,86.7,74.2,97.9,635.0
B000002004,서울당중초등학교,공립,서울당중초통학구역,1,1,서울당중초통학구역,0,,,,103.2,114.6,107.1,133.3,119.8,125.8,121.8,186.4,1012.0
B000001889,서울은평초등학교,공립,서울은평초통학구역,1,1,서울은평초통학구역,0,,,,205.2,176.6,176.0,186.3,199.7,165.9,166.9,190.4,1467.0
B000002333,서울봉현초등학교,공립,서울봉현초통학구역,1,1,서울봉현초통학구역,0,,,,188.4,172.1,173.3,164.8,175.6,171.9,191.6,207.4,1445.1
B000001912,서울미동초등학교,공립,서울미동초통학구역,1,1,서울미동초통학구역,0,,,,67.2,53.2,65.7,66.4,62.2,51.4,57.0,69.0,492.1
B000002243,서울화곡초등학교,공립,서울화일초통학구역,2,1,서울화일초통학구역,0,,,,78.1,77.7,67.0,62.0,52.9,45.1,56.5,73.6,512.9
B000002000,서울대동초등학교,공립,서울대동초통학구역,1,1,서울대동초통학구역,0,,,,23.0,27.4,26.1,24.8,26.3,25.8,29.9,38.8,222.1
B000001997,서울영동초등학교,공립,서울영동초통학구역,1,1,서울영동초통학구역,0,,,,120.9,118.0,118.0,114.4,129.5,114.0,129.8,153.5,998.1
B000001849,서울전곡초등학교,공립,서울전곡초통학구역,1,1,서울전곡초통학구역,0,,,,34.6,32.1,28.9,28.1,26.2,30.5,28.4,28.1,236.9
B000002273,서울신동초등학교,공립,서울신동초통학구역,1,1,서울신동초통학구역,0,,,,137.7,151.2,132.0,114.5,114.8,92.3,108.9,100.6,952.0
B000002410,서울일신초등학교,공립,서울일신초통학구역,1,1,서울일신초통학구역,0,,,,84.1,78.0,76.3,72.0,63.5,60.2,68.2,69.7,572.0
B000002200,서울양화초등학교,공립,서울양화초통학구역,1,1,서울양화초통학구역,0,,,,192.8,163.1,135.7,142.6,140.9,121.2,159.2,142.6,1198.1
B000002127,서울문덕초등학교,공립,서울문덕초통학구역,1,1,서울문덕초통학구역,0,,,,161.9,150.5,160.5,159.4,173.2,144.4,178.5,202.6,1331.0
B000025373,서울위례솔초등학교,공립,서울위례솔초통학구역,1,2,"서울위례솔초통학구역, 서울위례솔초서울거원초공동통학구역",1,서울위례솔초서울거원초공동통학구역,225.1,225.1,250.0,237.0,230.2,223.3,134.8,117.0,106.4,118.3,1417.0
B000002113,서울서빙고초등학교,공립,서울서빙고초통학구역,1,2,"서울서빙고초통학구역, 서울서빙고초서울이태원초공동통학구역",1,서울서빙고초서울이태원초공동통학구역,939.2,939.2,73.8,81.7,78.1,55.8,62.8,70.0,57.0,64.0,543.2
B000002291,서울대곡초등학교,공립,서울대곡초통학구역,1,1,서울대곡초통학구역,0,,,,118.9,97.7,81.7,66.2,60.4,40.4,48.0,38.8,552.1
B000002046,서울수암초등학교,공립,서울수암초통학구역,1,1,서울수암초통학구역,0,,,,50.2,43.6,32.6,21.4,21.8,16.2,21.0,15.1,221.9
B000001988,서울탑동초등학교,공립,서울탑동초통학구역,1,1,서울탑동초통학구역,0,,,,63.8,60.9,56.6,49.8,46.1,56.1,48.5,43.2,425.0
B000002264,서울서래초등학교,공립,서울서래초통학구역,1,1,서울서래초통학구역,0,,,,190.8,170.2,135.8,126.0,102.5,78.9,85.6,99.2,989.0
B000001871,서울묵현초등학교,공립,서울묵현초통학구역,1,1,서울묵현초통학구역,0,,,,105.6,103.8,68.6,87.3,88.0,72.0,76.4,84.3,686.0
B000002077,서울상수초등학교,공립,서울상수초통학구역,1,1,서울상수초통학구역,0,,,,64.5,60.4,55.8,54.4,60.0,61.0,66.9,81.9,504.9
B000024031,서울가재울초등학교,공립,서울가재울초통학구역,1,1,서울가재울초통학구역,0,,,,325.4,335.8,294.7,264.0,232.0,217.7,198.0,196.4,2064.0
B000002277,서울수서초등학교,공립,서울수서초통학구역,1,1,서울수서초통학구역,0,,,,30.5,26.3,27.7,38.1,31.2,37.4,36.0,63.8,291.0
B000001845,서울장평초등학교,공립,서울장평초통학구역,1,1,서울장평초통학구역,0,,,,146.7,135.8,128.3,111.4,102.1,97.0,96.3,77.4,895.0
B000002052,서울용원초등학교,공립,서울용원초통학구역,1,1,서울용원초통학구역,0,,,,57.8,52.9,55.2,40.4,47.3,37.6,43.1,51.6,385.9
B000002380,서울용마초등학교,공립,서울용마초통학구역,1,2,"서울용마초통학구역, 서울중광초서울중마초공동통학구역",1,서울중광초서울중마초공동통학구역,667.4,667.4,120.3,102.2,103.6,89.1,103.2,90.0,90.2,107.2,805.8
B000002065,서울한천초등학교,공립,서울한천초통학구역,1,1,서울한천초통학구역,0,,,,105.2,104.6,94.3,115.1,94.2,108.8,113.8,152.0,888.0
B000022774,서울상현초등학교,공립,서울상현초통학구역,1,1,서울상현초통학구역,0,,,,107.9,99.8,82.6,86.2,87.1,87.7,101.1,103.5,755.9
B000002390,서울정덕초등학교,공립,서울정덕초통학구역,1,1,서울정덕초통학구역,0,,,,226.2,187.9,162.7,176.5,157.8,145.7,143.1,162.1,1362.0
B000002228,서울가곡초등학교,공립,서울가곡초통학구역,1,1,서울가곡초통학구역,0,,,,91.3,87.3,67.2,75.3,65.1,51.2,54.4,54.3,546.1
B000002354,서울금옥초등학교,공립,서울금옥초통학구역,1,2,"서울금옥초통학구역, 서울금옥초서울옥수초공동통학구역",1,서울금옥초서울옥수초공동통학구역,114.4,114.4,155.7,158.9,147.9,158.2,145.0,148.2,160.9,185.1,1259.9
B000001973,서울오류초등학교,공립,서울오류초통학구역,1,1,서울오류초통학구역,0,,,,127.5,115.7,121.1,121.7,127.4,120.9,147.0,167.8,1049.1
B000002067,서울선곡초등학교,공립,서울선곡초통학구역,1,1,서울선곡초통학구역,0,,,,73.2,75.9,76.0,76.6,74.4,79.3,71.5,79.2,606.1
B000002313,서울신남성초등학교,공립,서울신남성초통학구역,1,1,서울신남성초통학구역,0,,,,191.4,180.4,190.8,172.2,196.9,202.0,205.2,238.0,1576.9
B000001868,서울중목초등학교,공립,서울중목초통학구역,1,1,서울중목초통학구역,0,,,,86.0,90.1,85.4,79.5,85.2,88.9,90.6,111.2,716.9
B000001899,서울서신초등학교,공립,서울서신초통학구역,1,1,서울서신초통학구역,0,,,,52.1,39.8,34.8,42.0,35.2,32.6,45.4,41.9,323.8
B000001915,서울홍제초등학교,공립,서울홍제초통학구역,1,1,서울홍제초통학구역,0,,,,165.3,149.2,143.9,156.0,147.4,135.1,142.3,140.8,1180.0
B000001986,서울안천초등학교,공립,서울안천초통학구역,1,2,"서울안천초통학구역, 서울두산초서울안천초공동통학구역",1,서울두산초서울안천초공동통학구역,448.1,448.1,59.9,49.9,60.9,63.8,64.8,62.4,65.5,76.7,503.9
B000001862,서울면북초등학교,공립,서울면북초통학구역,1,1,서울면북초통학구역,0,,,,17.2,18.2,15.1,14.8,17.8,16.5,18.0,17.4,135.0
B000002372,서울구남초등학교,공립,서울구남초통학구역,1,1,서울구남초통학구역,0,,,,162.2,153.1,134.5,129.0,119.6,97.7,111.5,141.5,1049.1
B000025276,서울새솔초등학교,공립,서울새솔초통학구역,1,1,서울새솔초통학구역,0,,,,50.0,46.1,47.2,45.6,41.2,45.8,42.1,39.0,357.0
B000001950,서울상암초등학교,공립,서울상암초통학구역,1,1,서울상암초통학구역,0,,,,78.2,67.3,56.0,66.9,60.2,56.9,48.1,40.6,474.2
B000002011,서울대영초등학교,공립,서울대영초통학구역,1,1,서울대영초통학구역,0,,,,157.2,151.5,122.2,118.8,139.5,145.1,125.3,179.4,1139.0
B000002396,서울숭곡초등학교,공립,서울숭곡초통학구역,1,1,서울숭곡초통학구역,0,,,,259.5,233.2,173.9,190.3,163.4,179.6,185.2,149.0,1534.1
B000002058,서울상월초등학교,공립,서울상월초통학구역,1,1,서울상월초통학구역,0,,,,51.4,46.0,44.2,48.6,50.5,53.6,52.0,54.9,401.2
B000002302,서울언북초등학교,공립,서울언북초통학구역,1,1,서울언북초통학구역,0,,,,200.1,177.4,167.0,158.6,137.8,127.1,139.0,142.2,1249.2
B000002194,서울양명초등학교,공립,서울양명초통학구역,1,1,서울양명초통학구역,0,,,,148.8,106.5,103.2,82.6,62.9,49.9,51.3,47.9,653.1
B000001981,서울신흥초등학교,공립,서울신흥초통학구역,1,1,서울신흥초통학구역,0,,,,53.5,44.8,44.6,35.6,45.7,34.7,35.9,36.3,331.1
B000002383,서울용곡초등학교,공립,서울용곡초통학구역,1,1,서울용곡초통학구역,0,,,,90.9,71.9,85.6,75.0,71.4,67.7,75.0,84.5,622.0
B000002020,서울창림초등학교,공립,서울창림초통학구역,1,1,서울창림초통학구역,0,,,,99.9,97.7,75.2,96.5,76.0,72.2,74.0,83.5,675.0
B000002138,서울가주초등학교,공립,서울가주초통학구역,1,1,서울가주초통학구역,0,,,,100.2,92.3,88.1,79.3,76.6,61.0,62.8,64.7,625.0
B000001979,서울금동초등학교,공립,서울금동초통학구역,1,1,서울금동초통학구역,0,,,,63.9,57.6,61.2,45.4,42.5,60.1,47.8,40.6,419.1
B000002300,서울영희초등학교,공립,서울영희초통학구역,1,1,서울영희초통학구역,0,,,,43.3,40.0,40.2,27.8,35.6,37.2,43.2,46.7,314.0
B000002098,서울봉래초등학교,공립,서울봉래초통학구역,1,1,서울봉래초통학구역,0,,,,109.5,84.0,101.7,113.1,106.1,86.4,85.2,109.0,795.0
B000001894,서울불광초등학교,공립,서울불광초통학구역,1,1,서울불광초통학구역,0,,,,125.5,112.0,122.2,95.8,130.9,99.3,104.8,133.6,924.1
B000001944,서울소의초등학교,공립,서울소의초통학구역,1,1,서울소의초통학구역,0,,,,105.7,107.7,105.5,120.5,102.2,99.3,107.2,120.9,869.0
B000002131,서울잠일초등학교,공립,서울잠일초통학구역,1,1,서울잠일초통학구역,0,,,,211.3,169.3,142.2,132.8,98.2,76.3,79.0,79.9,989.0
B000002035,서울창일초등학교,공립,서울창일초통학구역,1,1,서울창일초통학구역,0,,,,118.2,97.1,68.5,88.9,69.3,74.7,82.4,94.0,693.1
B000002005,서울도신초등학교,공립,서울도신초통학구역,1,1,서울도신초통학구역,0,,,,16.6,18.1,19.0,17.4,18.5,20.2,22.3,24.1,156.2
B000002188,서울경인초등학교,공립,서울경인초통학구역,1,1,서울경인초통학구역,0,,,,101.6,84.8,61.9,50.7,42.3,25.3,31.6,23.7,421.9
B000002327,서울신우초등학교,공립,서울신우초통학구역,1,1,서울신우초통학구역,0,,,,27.2,24.1,29.6,24.7,20.6,25.8,22.2,36.7,210.9
B000001965,서울동구로초등학교,공립,서울동구로초통학구역,1,1,서울동구로초통학구역,0,,,,45.8,54.1,43.2,46.9,51.9,52.4,56.6,77.3,428.2
B000002426,서울수송초등학교,공립,서울수송초통학구역,1,1,서울수송초통학구역,0,,,,97.8,87.1,63.8,75.8,67.5,63.8,57.4,75.8,589.0
B000002408,서울정릉초등학교,공립,서울정릉초통학구역,1,1,서울정릉초통학구역,0,,,,107.8,89.0,105.4,90.2,91.3,84.8,84.2,92.1,744.8
B000002145,서울세륜초등학교,공립,서울세륜초통학구역,1,1,서울세륜초통학구역,0,,,,62.3,51.1,39.4,36.0,30.9,21.9,22.4,25.1,289.1
B000001989,서울백산초등학교,공립,서울백산초통학구역,1,1,서울백산초통학구역,0,,,,45.4,48.8,31.7,41.8,38.8,33.1,37.0,39.4,316.0
B000002219,서울신곡초등학교,공립,서울신곡초통학구역,1,2,"서울신곡초통학구역, 서울화곡초서울화일초공동통학구역",1,서울화곡초서울화일초공동통학구역,380.6,380.6,144.0,111.5,125.3,98.8,112.3,83.5,95.9,109.0,880.3
B000002262,서울방일초등학교,공립,서울방일초통학구역,1,1,서울방일초통학구역,0,,,,162.1,144.6,112.5,118.3,109.1,98.1,108.0,116.2,968.9
B000002321,서울보라매초등학교,공립,서울보라매초통학구역,1,1,서울보라매초통학구역,0,,,,180.5,177.8,174.7,165.3,176.9,180.7,188.3,205.6,1449.8
B000002099,서울광희초등학교,공립,서울광희초통학구역,1,1,서울광희초통학구역,0,,,,121.0,144.2,118.0,127.3,133.7,103.3,147.2,169.3,1064.0
B000002023,서울도봉초등학교,공립,서울도봉초통학구역,1,1,서울도봉초통학구역,0,,,,29.4,26.1,28.2,22.5,24.4,20.3,24.2,26.8,201.9
B000002135,서울잠실초등학교,공립,서울잠실초통학구역,1,1,서울잠실초통학구역,0,,,,138.5,139.3,116.4,98.0,92.2,78.2,80.4,64.9,807.9
B000002189,서울서정초등학교,공립,서울서정초통학구역,1,1,서울서정초통학구역,0,,,,147.8,124.5,86.0,72.5,58.0,47.8,42.4,47.1,626.1
B000002043,서울온곡초등학교,공립,서울온곡초통학구역,1,1,서울온곡초통학구역,0,,,,107.9,92.7,99.5,86.7,98.8,95.0,97.2,124.3,802.1
B000001913,서울금화초등학교,공립,서울금화초통학구역,1,2,"서울금화초통학구역, 서울금화초서울미동초공동통학구역",1,서울금화초서울미동초공동통학구역,226.9,226.9,149.7,120.4,134.2,129.5,133.1,120.6,140.8,143.7,1072.0
B000001866,서울중곡초등학교,공립,서울중곡초통학구역,1,1,서울중곡초통학구역,0,,,,122.1,105.5,111.6,101.7,96.8,102.4,90.8,107.3,838.2
B000001875,서울신내초등학교,공립,서울신내초통학구역,1,1,서울신내초통학구역,0,,,,96.0,89.0,89.7,87.9,79.9,88.6,80.8,73.2,685.1
B000001850,서울전농초등학교,공립,서울전농초통학구역,1,3,"서울전농초통학구역, 서울신답초서울전농초공동통학구역, 서울전곡초서울전농초공동통학구역",2,"서울신답초서울전농초공동통학구역, 서울전곡초서울전농초공동통학구역",350.4,402.7,333.3,311.8,289.8,275.8,263.2,273.2,274.1,288.8,2310.0
B000022762,서울공진초등학교,공립,서울공진초통학구역,1,1,서울공진초통학구역,0,,,,145.2,146.9,135.0,109.9,97.6,90.0,95.4,92.0,912.0
B000002314,서울영화초등학교,공립,서울영화초통학구역,1,1,서울영화초통학구역,0,,,,90.2,79.3,70.7,71.2,65.1,53.5,64.6,82.3,576.9
B000002142,서울남천초등학교,공립,서울남천초통학구역,1,1,서울남천초통학구역,0,,,,54.7,54.1,46.7,42.2,47.4,44.4,41.8,39.7,371.0
B000002159,서울신천초등학교,공립,서울신천초통학구역,1,1,서울신천초통학구역,0,,,,126.6,104.1,89.1,84.2,66.9,57.9,56.9,67.4,653.1
B000001867,서울면동초등학교,공립,서울면동초통학구역,1,2,"서울면동초통학구역, 서울면남초서울면동초공동통학구역",1,서울면남초서울면동초공동통학구역,509.1,509.1,171.4,163.7,152.4,155.6,154.6,153.0,148.2,167.2,1266.1
B000002040,서울신계초등학교,공립,서울신계초통학구역,1,1,서울신계초통학구역,0,,,,39.1,36.0,38.0,32.6,32.1,33.9,32.8,33.6,278.1
B000001864,서울면일초등학교,공립,서울면일초통학구역,1,1,서울면일초통학구역,0,,,,91.1,84.5,78.1,72.1,85.6,77.4,89.4,99.7,677.9
B000002157,서울아주초등학교,공립,서울아주초통학구역,1,1,서울아주초통학구역,0,,,,51.2,53.1,45.6,46.9,43.4,44.4,34.0,41.4,360.0
B000002289,서울논현초등학교,공립,서울논현초통학구역,1,1,서울논현초통학구역,0,,,,26.9,22.3,23.9,24.7,19.5,18.4,23.2,33.0,191.9
B000002193,서울신서초등학교,공립,서울신서초통학구역,1,1,서울신서초통학구역,0,,,,145.2,100.3,93.5,74.0,54.8,41.1,38.4,37.5,584.8
B000002281,서울구룡초등학교,공립,서울구룡초통학구역,1,1,서울구룡초통학구역,0,,,,151.4,141.7,116.7,112.2,105.0,99.8,87.4,114.8,929.0
B000001968,서울구로남초등학교,공립,서울구로남초통학구역,1,1,서울구로남초통학구역,0,,,,44.6,47.4,40.6,39.6,49.5,48.1,48.7,68.4,386.9
B000001937,서울하늘초등학교,공립,서울하늘초통학구역,1,1,서울하늘초통학구역,0,,,,38.2,32.9,27.4,32.8,29.5,27.8,23.5,19.8,231.9
B000002006,서울신영초등학교,공립,서울신영초통학구역,1,1,서울신영초통학구역,0,,,,74.1,80.5,79.1,81.8,94.0,103.9,109.6,128.0,751.0
B000002412,서울숭인초등학교,공립,서울숭인초통학구역,1,1,서울숭인초통학구역,0,,,,107.0,107.2,94.1,90.3,88.0,89.8,99.5,89.1,765.0
B000002353,서울옥수초등학교,공립,서울옥수초통학구역,1,1,서울옥수초통학구역,0,,,,165.2,173.6,156.4,161.5,156.6,141.6,167.0,185.2,1307.1
B000026371,서울숭신초등학교,공립,서울숭신초통학구역,1,2,"서울숭신초통학구역, 서울숭신초서울무학초공동통학구역",1,서울숭신초서울무학초공동통학구역,213.9,213.9,214.4,243.5,211.3,209.7,203.6,171.0,221.3,209.2,1684.0
B000002371,서울광진초등학교,공립,서울광진초통학구역,1,1,서울광진초통학구역,0,,,,98.6,87.2,76.9,79.2,62.1,54.3,67.1,78.5,603.9
B000001998,서울당서초등학교,공립,서울당서초서울선유초공동통학구역,1,2,"서울당서초서울선유초공동통학구역, 서울당서초통학구역",1,서울당서초통학구역,97.1,97.1,213.4,222.9,196.5,197.0,199.9,198.1,216.1,246.0,1689.9
B000002128,서울문정초등학교,공립,서울문정초통학구역,1,1,서울문정초통학구역,0,,,,175.0,164.4,165.2,164.5,164.9,125.9,172.9,183.2,1316.0
B000001854,서울청량초등학교,공립,서울청량초통학구역,1,2,"서울청량초통학구역, 서울휘경초서울청량초공동통학구역",1,서울휘경초서울청량초공동통학구역,625.3,625.3,69.0,63.3,69.3,66.9,79.8,88.7,80.2,105.9,623.1
B000002151,서울거여초등학교,공립,서울거여초통학구역,1,1,서울거여초통학구역,0,,,,114.2,99.0,89.5,93.1,96.5,83.4,81.5,93.8,751.0
B000002209,서울목동초등학교,공립,서울목동초통학구역,1,1,서울목동초통학구역,0,,,,201.0,166.4,116.5,101.7,80.7,64.0,59.6,55.3,845.2
B000002203,서울신원초등학교,공립,서울신원초통학구역,1,1,서울신원초통학구역,0,,,,52.6,50.8,47.5,46.2,54.0,42.5,43.7,51.6,388.9
B000002337,서울사당초등학교,공립,서울사당초통학구역,1,1,서울사당초통학구역,0,,,,101.9,101.1,120.1,103.8,97.9,99.6,101.5,142.2,868.1
B000002422,서울송천초등학교,공립,서울송천초통학구역,1,1,서울송천초통학구역,0,,,,202.8,162.4,149.7,151.6,130.8,129.3,131.5,117.0,1175.1
B000002027,서울숭미초등학교,공립,서울숭미초통학구역,1,1,서울숭미초통학구역,0,,,,93.9,92.6,92.8,81.4,79.4,59.7,76.2,78.9,654.9
B000002256,서울원촌초등학교,공립,서울원촌초통학구역,1,2,"서울원촌초통학구역, 서울반원초서울원촌초공동통학구역",1,서울반원초서울원촌초공동통학구역,354.4,354.4,253.2,221.5,181.3,157.5,124.6,107.2,103.9,102.8,1252.0
B000002019,서울창경초등학교,공립,서울창경초통학구역,1,2,"서울창경초통학구역, 서울신학초서울창경초공동통학구역",1,서울신학초서울창경초공동통학구역,360.1,360.1,166.3,146.0,122.6,120.1,128.8,95.4,104.5,101.2,984.9
B000002328,서울신림초등학교,공립,서울신림초통학구역,1,1,서울신림초통학구역,0,,,,80.6,68.5,77.9,75.0,63.4,64.6,66.6,99.3,595.9
B000002204,서울강서초등학교,공립,서울강서초통학구역,1,1,서울강서초통학구역,0,,,,115.1,121.8,99.6,102.1,115.8,96.6,89.0,108.0,848.0
B000001841,서울신답초등학교,공립,서울신답초통학구역,1,1,서울신답초통학구역,0,,,,204.6,205.3,196.3,177.2,174.6,172.5,187.0,219.5,1537.0
B000002239,서울송화초등학교,공립,서울송화초통학구역,1,1,서울송화초통학구역,0,,,,179.7,188.6,174.7,179.6,178.4,174.4,166.0,168.5,1409.9
B000002336,서울원당초등학교,공립,서울원당초통학구역,1,1,서울원당초통학구역,0,,,,42.3,38.2,41.3,36.8,37.4,37.3,41.2,51.5,326.0
B000002018,서울신학초등학교,공립,서울신학초통학구역,1,2,"서울신학초통학구역, 서울신학초서울초당초공동통학구역",1,서울신학초서울초당초공동통학구역,264.1,264.1,175.7,138.7,113.6,108.2,100.7,87.4,87.9,93.8,906.0
B000001860,서울면남초등학교,공립,서울면남초통학구역,1,2,"서울면남초통학구역, 서울면남초서울중곡초공동통학구역",1,서울면남초서울중곡초공동통학구역,310.2,310.2,156.7,147.8,144.2,141.3,148.6,146.3,145.5,159.5,1189.9
B000002306,서울강남초등학교,공립,서울강남초통학구역,1,1,서울강남초통학구역,0,,,,226.5,215.9,180.9,191.2,180.4,179.2,200.2,220.8,1595.1
B000002345,서울난향초등학교,공립,서울난향초통학구역,1,1,서울난향초통학구역,0,,,,50.6,64.4,51.9,52.2,51.7,41.0,48.8,54.2,414.8
B000001984,서울문성초등학교,공립,서울문성초통학구역,1,1,서울문성초통학구역,0,,,,30.1,37.6,28.1,39.9,30.3,29.1,37.5,40.4,273.0
B000002141,서울거원초등학교,공립,서울거원초통학구역,1,2,"서울거원초통학구역, 서울위례별초서울거원초공동통학구역",1,서울위례별초서울거원초공동통학구역,567.1,567.1,169.2,162.5,154.5,143.6,107.4,110.6,109.0,122.3,1079.1
B000002235,서울송정초등학교,공립,서울송정초통학구역,1,1,서울송정초통학구역,0,,,,148.8,162.5,151.7,117.2,104.2,100.4,100.7,102.4,987.9
B000002075,서울중평초등학교,공립,서울중평초통학구역,1,1,서울중평초통학구역,0,,,,157.9,150.1,118.5,139.5,120.0,112.2,101.8,135.9,1035.9
B000002068,서울월계초등학교,공립,서울월계초통학구역,1,1,서울월계초통학구역,0,,,,42.7,39.8,41.6,36.1,35.8,37.5,36.1,37.3,306.9
B000002202,서울양원초등학교,공립,서울양원초통학구역,1,1,서울양원초통학구역,0,,,,13.9,13.0,12.0,11.4,16.1,12.2,12.2,13.2,104.0
B000002073,서울용동초등학교,공립,서울용동초통학구역,1,1,서울용동초통학구역,0,,,,61.9,64.5,49.4,55.7,50.5,52.6,46.0,61.4,442.0
B000002101,서울신당초등학교,공립,서울신당초통학구역,1,1,서울신당초통학구역,0,,,,116.8,118.9,111.9,121.0,116.4,112.3,117.5,138.1,952.9
B000002031,서울자운초등학교,공립,서울자운초통학구역,1,1,서울자운초통학구역,0,,,,115.9,98.2,80.3,104.3,82.1,91.6,82.1,93.4,747.9
B000002368,서울광남초등학교,공립,서울광남초통학구역,1,1,서울광남초통학구역,0,,,,184.5,173.9,116.9,103.4,92.0,74.4,73.8,73.2,892.1
B000002121,서울신용산초등학교,공립,서울신용산초통학구역,1,1,서울신용산초통학구역,0,,,,267.1,275.5,253.1,217.0,206.0,176.2,210.7,197.6,1803.2
B000025372,서울해누리초등학교,공립,서울해누리초통학구역,1,2,"서울해누리초통학구역, 서울석촌초서울해누리초공동통학구역",1,서울석촌초서울해누리초공동통학구역,102.6,102.6,104.2,110.7,101.1,100.9,100.2,75.1,88.6,94.2,775.0
B000002166,서울강덕초등학교,공립,서울강덕초통학구역,1,1,서울강덕초통학구역,0,,,,163.6,146.1,125.0,117.6,102.2,89.0,102.8,111.6,957.9
B000002124,서울가락초등학교,공립,서울가락초통학구역,1,2,"서울가락초통학구역, 서울석촌초서울가락초공동통학구역",1,서울석촌초서울가락초공동통학구역,84.0,84.0,262.6,278.4,251.6,254.6,254.8,190.7,227.4,243.0,1963.1
B000002016,서울윤중초등학교,공립,서울윤중초통학구역,1,1,서울윤중초통학구역,0,,,,64.3,58.7,54.4,54.3,52.3,51.3,46.7,56.0,438.0
B000001987,서울금천초등학교,공립,서울금천초통학구역,1,1,서울금천초통학구역,0,,,,28.3,28.3,21.3,24.3,24.8,19.5,21.4,21.0,188.9
B000002047,서울중계초등학교,공립,서울중계초통학구역,1,1,서울중계초통학구역,0,,,,123.8,125.0,99.1,73.6,79.0,57.9,73.3,67.4,699.1
B000002069,서울원광초등학교,공립,서울원광초통학구역,1,2,"서울원광초통학구역, 서울상계초서울중계초공동통학구역",1,서울상계초서울중계초공동통학구역,356.9,356.9,147.1,117.5,94.2,77.9,67.8,51.8,51.9,46.7,654.9
B000001873,서울상봉초등학교,공립,서울상봉초통학구역,1,1,서울상봉초통학구역,0,,,,123.5,106.2,108.9,104.3,116.3,106.4,110.8,145.6,922.0
B000001842,서울용두초등학교,공립,서울용두초통학구역,1,1,서울용두초통학구역,0,,,,78.1,85.5,81.7,67.9,66.6,60.8,76.2,91.2,608.0
B000002024,서울방학초등학교,공립,서울방학초통학구역,1,1,서울방학초통학구역,0,,,,92.2,88.4,77.1,73.6,69.0,60.7,54.4,57.6,573.0
B000002298,서울역삼초등학교,공립,서울역삼초통학구역,1,1,서울역삼초통학구역,0,,,,59.7,53.8,44.6,42.2,36.3,42.6,37.1,57.6,373.9
B000002270,서울원명초등학교,공립,서울원명초통학구역,1,2,"서울원명초통학구역, 서울서초초서울원명초공동통학구역",1,서울서초초서울원명초공동통학구역,505.9,505.9,296.4,238.9,191.1,171.8,132.6,111.4,112.5,99.4,1354.1
B000002344,서울난우초등학교,공립,서울난우초통학구역,1,1,서울난우초통학구역,0,,,,62.1,49.5,44.4,53.7,37.6,37.6,38.7,42.2,365.8
B000002343,서울관악초등학교,공립,서울관악초통학구역,1,1,서울관악초통학구역,0,,,,84.1,82.3,75.4,86.9,87.1,85.9,98.5,108.0,708.2
B000002427,서울수유초등학교,공립,서울수유초통학구역,1,1,서울수유초통학구역,0,,,,78.9,64.2,67.0,56.7,58.6,56.3,52.9,59.4,494.0
B000001847,서울배봉초등학교,공립,서울배봉초통학구역,1,1,서울배봉초통학구역,0,,,,123.8,125.4,113.0,101.7,96.1,104.8,100.6,98.6,864.0
B000002254,서울신중초등학교,공립,서울신중초통학구역,1,2,"서울신중초통학구역, 서울방일초서울신중초공동통학구역",1,서울방일초서울신중초공동통학구역,771.9,771.9,206.6,198.7,171.9,174.3,175.3,141.2,158.3,196.6,1422.9
B000002391,서울삼선초등학교,공립,서울삼선초통학구역,1,1,서울삼선초통학구역,0,,,,71.5,85.0,65.0,63.4,69.4,60.1,68.4,68.6,551.4
B000030583,서울개현초등학교,공립,서울개현초통학구역,1,1,서울개현초통학구역,0,,,,174.2,158.0,134.7,119.8,122.9,112.0,121.8,132.5,1075.9
B000002061,서울동일초등학교,공립,서울동일초통학구역,1,1,서울동일초통학구역,0,,,,62.7,60.9,63.2,62.0,74.6,77.5,92.3,119.6,612.8
B000001948,서울성산초등학교,공립,서울성산초통학구역,1,1,서울성산초통학구역,0,,,,87.8,92.0,82.3,82.2,80.1,81.2,83.9,99.6,689.1
B000001876,서울중화초등학교,공립,서울중화초통학구역,1,1,서울중화초통학구역,0,,,,224.0,206.2,183.0,187.6,173.0,194.7,194.3,225.5,1588.3
B000002275,서울봉은초등학교,공립,서울봉은초통학구역,1,1,서울봉은초통학구역,0,,,,121.7,120.8,98.1,102.1,91.7,109.2,93.6,85.8,823.0
B000002361,서울옥정초등학교,공립,서울옥정초통학구역,1,1,서울옥정초통학구역,0,,,,129.0,129.7,124.2,133.0,121.2,126.6,138.5,150.8,1053.0
B000002089,서울독립문초등학교,공립,서울독립문초통학구역,1,1,서울독립문초통학구역,0,,,,124.8,127.2,105.6,107.5,98.6,88.2,94.7,82.1,828.7
B000002332,서울미성초등학교,공립,서울미성초통학구역,1,1,서울미성초통학구역,0,,,,101.5,76.8,67.7,76.6,61.3,57.5,58.9,66.6,566.9
B000002330,서울난곡초등학교,공립,서울난곡초통학구역,1,1,서울난곡초통학구역,0,,,,47.0,41.0,36.1,45.4,30.2,30.8,32.7,34.8,298.0
B000001840,서울답십리초등학교,공립,서울답십리초통학구역,1,2,"서울답십리초통학구역, 서울군자초서울답십리초공동통학구역",1,서울군자초서울답십리초공동통학구역,316.7,316.7,153.2,173.8,156.8,150.5,149.2,154.0,153.2,188.2,1278.9
B000002342,서울은천초등학교,공립,서울은천초통학구역,1,1,서울은천초통학구역,0,,,,95.6,98.8,85.8,84.2,89.5,77.1,78.2,92.6,701.8
B000025000,서울자곡초등학교,공립,서울자곡초통학구역,1,1,서울자곡초통학구역,0,,,,47.3,46.8,40.4,34.0,32.7,34.9,34.5,40.3,310.9
B000002341,서울구암초등학교,공립,서울구암초통학구역,1,1,서울구암초통학구역,0,,,,165.5,157.2,153.9,141.5,138.6,127.7,137.6,168.0,1190.0
B000002117,서울한남초등학교,공립,서울한남초통학구역,1,1,서울한남초통학구역,0,,,,92.6,87.5,94.8,81.9,86.0,80.8,87.5,93.8,704.9
B000002335,서울봉천초등학교,공립,서울봉천초통학구역,1,1,서울봉천초통학구역,0,,,,123.2,113.4,131.0,120.0,133.5,127.2,142.1,157.5,1047.9
B000002212,서울장수초등학교,공립,서울장수초통학구역,1,1,서울장수초통학구역,0,,,,74.1,78.2,74.2,74.0,67.6,61.6,66.1,67.2,563.0
B000002088,서울명신초등학교,공립,서울명신초통학구역,1,1,서울명신초통학구역,0,,,,89.9,89.5,84.7,82.9,80.7,72.8,101.5,108.9,710.9
B000002255,서울서원초등학교,공립,서울서원초통학구역,1,1,서울서원초통학구역,0,,,,337.3,288.9,235.7,200.8,152.4,132.5,128.0,125.4,1601.0
B000002119,서울삼광초등학교,공립,서울삼광초통학구역,1,1,서울삼광초통학구역,0,,,,33.7,35.5,32.4,30.3,35.2,33.9,31.3,48.6,280.9
B000001964,서울세곡초등학교,공립,서울세곡초통학구역,1,1,서울세곡초통학구역,0,,,,46.0,47.1,51.2,55.7,54.1,51.0,53.5,61.6,420.2
B000002140,서울영풍초등학교,공립,서울영풍초통학구역,1,1,서울영풍초통학구역,0,,,,167.2,164.9,145.9,134.3,135.6,135.0,141.7,163.4,1188.0
B000002013,서울대방초등학교,공립,서울대방초통학구역,1,1,서울대방초통학구역,0,,,,241.6,197.9,180.5,214.0,208.6,201.3,217.2,253.0,1714.1
B000001949,서울상지초등학교,공립,서울상지초통학구역,1,1,서울상지초통학구역,0,,,,42.4,36.5,30.4,36.3,32.6,30.8,26.1,22.0,257.1
B000002242,서울염동초등학교,공립,서울염동초통학구역,1,2,"서울염동초통학구역, 서울염경초서울염동초공동통학구역",1,서울염경초서울염동초공동통학구역,167.4,167.4,120.0,112.4,103.0,102.3,85.8,104.8,110.6,113.1,852.0
B000002129,서울가원초등학교,공립,서울가원초통학구역,1,1,서울가원초통학구역,0,,,,66.4,52.3,58.2,51.2,67.3,61.4,58.9,77.3,493.0
B000002257,서울잠원초등학교,공립,서울잠원초통학구역,1,2,"서울잠원초통학구역, 서울반원초서울잠원초공동통학구역",1,서울반원초서울잠원초공동통학구역,573.1,573.1,432.9,382.2,299.2,329.4,241.3,225.4,215.7,197.2,2323.3
B000002213,서울양동초등학교,공립,서울양동초통학구역,1,1,서울양동초통학구역,0,,,,83.8,73.7,64.1,66.9,58.3,53.7,62.1,76.6,539.2
B000002284,서울도곡초등학교,공립,서울도곡초통학구역,1,1,서울도곡초통학구역,0,,,,150.4,138.2,92.9,77.6,59.0,66.8,64.0,82.0,730.9
B000002149,서울송파초등학교,공립,서울송파초통학구역,1,1,서울송파초통학구역,0,,,,85.7,81.9,94.0,74.6,81.7,89.7,102.1,111.4,721.1
B000002071,서울중원초등학교,공립,서울중원초통학구역,1,1,서울중원초통학구역,0,,,,71.9,72.9,60.9,68.1,64.5,68.4,63.9,82.4,553.0
B000002382,서울중마초등학교,공립,서울중마초통학구역,1,1,서울중마초통학구역,0,,,,51.6,45.3,55.0,48.9,48.0,49.1,45.0,62.1,405.0
B000001995,서울영원초등학교,공립,서울영원초통학구역,1,1,서울영원초통학구역,0,,,,91.4,98.1,82.9,89.5,99.8,97.2,107.1,126.0,792.0
B000002365,서울행현초등학교,공립,서울행현초통학구역,1,1,서울행현초통학구역,0,,,,132.0,118.3,107.2,110.4,115.2,110.2,110.0,141.7,945.0
B000002398,서울월곡초등학교,공립,서울월곡초통학구역,1,1,서울월곡초통학구역,0,,,,65.0,58.9,56.0,56.5,46.5,47.6,57.6,59.9,448.0
B000002401,서울개운초등학교,공립,서울개운초통학구역,1,1,서울개운초통학구역,0,,,,139.5,132.2,124.8,132.4,109.6,120.5,117.4,113.7,990.1
B000001931,서울창천초등학교,공립,서울창천초통학구역,1,1,서울창천초통학구역,0,,,,52.4,41.3,37.0,41.7,49.3,36.9,41.1,52.3,352.0
B000001980,서울문백초등학교,공립,서울문백초통학구역,1,1,서울문백초통학구역,0,,,,67.5,72.5,45.7,54.0,57.6,50.2,55.5,68.0,471.0
B000002134,서울잠동초등학교,공립,서울잠동초통학구역,1,1,서울잠동초통학구역,0,,,,164.4,168.4,118.8,110.6,90.7,106.7,86.9,98.7,945.2
B000002316,서울대림초등학교,공립,서울대림초통학구역,1,1,서울대림초통학구역,0,,,,175.9,179.1,168.3,156.8,150.6,144.3,154.5,184.4,1313.9
B000002406,서울장곡초등학교,공립,서울장곡초통학구역,1,1,서울장곡초통학구역,0,,,,240.6,193.2,175.0,173.8,163.6,150.2,168.4,162.1,1426.9
B000002397,서울장월초등학교,공립,서울장월초통학구역,1,1,서울장월초통학구역,0,,,,215.1,203.7,179.3,171.6,175.0,154.1,160.0,163.1,1421.9
B000002377,서울신자초등학교,공립,서울신자초통학구역,1,1,서울신자초통학구역,0,,,,63.6,68.8,58.4,68.6,61.9,66.0,72.4,70.5,530.2
B000001923,서울안산초등학교,공립,서울안산초통학구역,1,1,서울안산초통학구역,0,,,,128.6,125.0,124.8,121.2,128.6,138.3,126.6,152.0,1045.1
B000002015,서울당산초등학교,공립,서울당산초통학구역,1,2,"서울당산초통학구역, 서울당산초서울선유초공동통학구역",1,서울당산초서울선유초공동통학구역,369.9,369.9,67.4,77.8,75.4,66.8,77.1,85.8,89.8,116.9,657.0
B000002278,서울대모초등학교,공립,서울대모초통학구역,1,1,서울대모초통학구역,0,,,,108.3,121.1,74.7,94.2,59.7,63.7,60.8,81.4,663.9
B000002072,서울청계초등학교,공립,서울청계초통학구역,1,1,서울청계초통학구역,0,,,,50.6,48.9,40.8,43.7,40.8,43.8,39.4,49.9,357.9
B000002303,서울청담초등학교,공립,서울청담초통학구역,1,1,서울청담초통학구역,0,,,,115.0,106.9,97.6,87.8,82.6,72.6,76.3,68.1,706.9
B000002025,서울신방학초등학교,공립,서울신방학초통학구역,1,1,서울신방학초통학구역,0,,,,44.3,38.7,43.1,35.0,30.1,27.9,28.8,28.2,276.1
B000001900,서울상신초등학교,공립,서울상신초통학구역,1,1,서울상신초통학구역,0,,,,126.0,118.8,102.8,104.5,93.9,102.7,107.8,110.5,867.0
B000002425,서울미양초등학교,공립,서울미양초통학구역,1,1,서울미양초통학구역,0,,,,79.1,69.4,71.2,67.1,64.4,65.7,61.2,58.0,536.1
B000001898,서울신사초등학교,공립,서울신사초통학구역,1,1,서울신사초통학구역,0,,,,72.5,61.9,56.9,54.8,55.8,54.8,57.6,58.6,472.9
B000001966,서울신구로초등학교,공립,서울신구로초통학구역,1,1,서울신구로초통학구역,0,,,,74.7,90.3,70.8,81.6,83.7,90.5,105.2,106.3,703.1
B000002418,서울번동초등학교,공립,서울번동초통학구역,1,1,서울번동초통학구역,0,,,,79.2,71.0,64.0,63.4,51.6,67.8,60.4,65.7,523.1
B000002210,서울신목초등학교,공립,서울신목초통학구역,1,1,서울신목초통학구역,0,,,,105.8,95.9,65.0,63.2,44.8,40.4,38.2,38.7,492.0
B000002091,서울세검정초등학교,공립,서울세검정초통학구역,1,1,서울세검정초통학구역,0,,,,51.5,48.3,47.2,47.1,38.0,39.6,33.0,36.2,340.9
B000002102,서울흥인초등학교,공립,서울흥인초통학구역,1,1,서울흥인초통학구역,0,,,,111.0,110.5,95.9,97.9,104.1,88.9,103.5,119.2,831.0
B000002221,서울등양초등학교,공립,서울등양초통학구역,1,1,서울등양초통학구역,0,,,,35.5,39.2,32.6,38.3,38.3,33.8,36.0,45.4,299.1
B000002404,서울성북초등학교,공립,서울성북초통학구역,1,1,서울성북초통학구역,0,,,,30.3,30.0,33.9,29.6,26.0,27.5,28.7,32.1,238.1
B000002246,서울등서초등학교,공립,서울등서초통학구역,1,1,서울등서초통학구역,0,,,,86.6,96.7,104.7,123.9,93.7,62.4,79.7,95.4,743.1
B000002155,서울토성초등학교,공립,서울토성초통학구역,1,1,서울토성초통학구역,0,,,,47.1,55.0,43.4,47.8,40.9,40.9,48.9,53.0,377.0
B000001872,서울신묵초등학교,공립,서울신묵초통학구역,1,1,서울신묵초통학구역,0,,,,34.9,35.6,30.4,35.4,40.0,31.0,34.9,37.8,280.0
